id,language,text
18040240444597264,gl,podes sacar a un rapaz da aldea pero non sacar a aldea do rapaz sos
17921741336770374,gl,bueno talentos que ten unha jajajajjaja
18119463109341544,gl,sodes os máis cool vós eh!! 
17865609255075884,gl,non máis ca ti 
18052261786606648,gl,a pvta maquinaria coidao que veñen curvas 
17842776996205260,gl,a escoitalo sen falta! seguro que quedou fermoso
18000643673598844,pt,o mellor con diferenza
18013762748331370,gl,grazas guille!!
18000595514260204,gl,grazas bergoñaa
17844331497178218,gl,que bonitiño oooo cantas moso
18010751618204920,pt,aprendeu de min je
18343033342109264,gl,"grande ti, que menudos pogos te marcaches!!! "
18350397889101632,pt,mentres o corpo aguante hai que darlle lumeeeeee
17932457600736140,gl,"és caralludamente grande jásper, qué ganas teño de compartir contigo unha birra cando veñas por barcelona meu. venceremosnós "
17998841006297992,pt,xa temos os billetes!!
17857223988112888,gl,quérovos!!!
17990118056349586,gl,moito animo para a tarde de programa de xuntos en directo tvg 
18223183015256516,pt,artista de primeira linha.
18115150720318848,pt,o mellor 
18323006125186212,pt,vide actuar a minha voda
17944226012667916,pt,grandes! 
18008130836251238,pt,ese é o meu obxetivo real ngl
18016775849118024,gl,pero só por ti eh
17987908916386890,pt,canis tipicamente galegxs. como molades!!
17899056791951572,pt,ata abaixoooo jajaja
18017375525078204,pt,o mellor é a foto que nos puxeron de fondo cos silos jajajaja 
17919344399851630,pt,jaja mil grazaas 
18003699509433132,pt,deso vai a vaina 
18013353044217118,gl,"xaaa, pero non deixa de verse 'raro"" jeje"
18011697808790268,pt,
17998156823445832,pt,non se pode comparar 
17893924043970666,pt,onda canijalleja 
17986062467453886,pt,aii mil grazas amore 
18116693857352600,pt,e non sabes todo o que falta por vir!!!! 
18049620835593108,gl,"moita neve, meu, moita "
18013660127325104,pt,a unidade da neve.
18062879470463368,pt,miña nai di q corte o pelo
17948592857783448,pt, brava pauliña! 
18290252338199988,gl, grazas 
18034277821717544,gl,felicidades polo voso traballo e polos esforzos que facedes para mudar dinámicas malas.
17907156569841340,gl,grazas chula
18026831464830736,gl,a min a  gústame!
18019047988822288,pt,a  é tan teño un gato que me tira todo
18373467277076848,pt,as bonitas vibes da primeira foto? 
17871007650021202,pt,a  representanos a todos os que temos gatos
17951606369717436,pt,a primeira é tan bonita 
17859018933077890,pt,aii diosss e que te comooooo non podes ser mais cuqui  ti es meu mellor regalo de nadal  p. d pobre arbore 
17956954088598474,pt,aida: o meu eterno mood 
17906717996896336,pt,nooo la estrellita :(((
17903467280822658,gl,a  é como o jrinch este que anda por ahí polo nadal pero ao revés 
17981281883429406,pt,a serenidade do seu sorriso e do seu olhar nos encanta a todos. tanxugueiras
17869189932028152,gl,os gatos son a ostia 
18022839403822096,gl,descansa bn merecido a miña tanxugeira favorita 
18011997670907016,gl,cousas de ter gatos... 
17843839761126738,pt,"e a  é fuck, non hai nadal "
18041948758591972,gl,éo que ten ter gates... 
18029819326945780,pt,"epaaaaaa, que ben que che aporten as miñas aulas de canto! "
17938083428766752,gl,estaba pasando unha cousa moi interesante a verdade jajaja
18006357998169512,gl,pero que monisimaaaa 
18250301209227932,pt,que guapaaa 
17988981641315472,gl,miña pequecha  non podes ser mais bonita  grazas por compartir estos momentos con nos como te podo querer tanto....  por sempre o teu caron
17983418060360202,pt,foi ver o arousa.
18052346563521632,pt,non podes sair mais feiña non?
17960077019567904,gl,"era para facer a bromiña ;) pertiño ao pobo da miña nái, vilanova de arousa. mas eu son de ondarroa (bizkaia)."
17981054888397220,pt,eu sei
18018158797939792,pt,guapa sempreee
18134068054312816,gl,aiiii que xa chega o sábado. morrooo
18023610088810704,pt,preciosa
17847049101132922,pt, eu só triunfo en bastos 
18079752361424088,pt,"viva ti e viva tanxugueiras, carallo."
18021173653754852,gl,"noraboa nenas, leire estuvo."
18066227866461136,gl,"onte seguro que se cumpríu un sono voso, pero tamen o de moitas das persoas que estivemos convosco esta noite, facendo que a cultura galega, a diversidade e o orgullo polo noso encheran por primeira vez o coliseum. parabéns por esta e polas que virán"
18216486328259164,gl,estás chea de talento 
18032291485670728,gl,menudo concertazo. foi unha pasada!!! parabéns
17985435128576648,gl,"que orgullosa de ti, que orgullosa desa nena. sodes tan grandes e tedes tanta forza, que é imposible non quedar abraiada ao escoitarvos. grazas por tanto!"
17944603892752532,pt,"errs grande amiga, amiga de verdade e eso vale otro, que afortunadas somos as que compartimos contigo a vida "
18017433517955284,gl,"foi espectacular aida, todo un orgullo vervos medrar e vervos triunfar "
18003465059069652,gl,un placer todo 
18017928205956408,pt,foi marabilloso!!
17993212061524176,gl,"sodes espectaculares, eu, desde ala arriba nas gradas poñiaseme a pel de galiña e a emoción saliame a chorro polos ollos. gracias por poñer maxia na música galega e regalarnos esas voces que chegan á alma"
17952366218714200,pt,parabéns 
17997385238357520,gl,eres a mellor jopiña 
17963814704550056,gl,"eu tamén son capricornio. nacido un  de xaneiro. sobre o acontecido no coliseum, creo que non sodes conscientes por completo da que liastes, . ningún cantante conseguira encher ese recinto cantando en galego. . persoas é case o mesmo número de habitantes que ten o meu pobo, ordes, que somos algo máis de .. o diluvio das tanxugueiras mollounos a todos e quedamos encantados."
18003044981249384,gl,parabens e juan esto tamén e voso estarei sempre inmensamente agradecido polo voso cariño e da avoa que decir 
17927464409717784,pt,orgullosa do que conseguistes!!! parabéns!!!
18054103414508704,gl,"eres moi grande aidiña, por dentro e por fóra. que orgullo verte medrar e cumplir os teus soños. quérote un mundo!"
17870267949024458,gl,"grazas a ti, a vos, por existir. que sigades cantando moitos anos máis facéndonos felices. quérovos. "
17924246615799188,gl,ese e un soño que ten o noso de levar alegría misturada con tradición e modernidade polas casas de galicia do mundo
17844397917185964,gl,gran museo e gran descoñecido! 
17963418278564800,pt,é todo ghrasias ao can jajajajaja
18056950645517900,gl,esaa a ver se te animas vir a algún conserto cos colegas!!!
18007331528256840,gl, traballazo
18305771503135080,pt,qué grande minha nena!!!! eres exemplo de loita e forza. 
17984916707421300,gl,devecendo por escoitar eses novos temas! 
17892131987968474,gl,encántame
18037057717708856,gl,encántame
17988066425356688,gl,moi boadesexando escoitalo discoe sobre todo volver a disfrutar dos directos!!pasa pa vijo!!!
17988391706561128,gl,moi ghuapa !  noraboa! 
17868843804052012,pt,"a ver quen é o ghuapo que se atreve a chamarte con ""diminutivo""...ghrande paula "
17993157017586228,pt,que ghrande paulinha!!!!!!!
17987565797574252,gl,que ghuapo!!!!! desexando escoitar o resto  
17911664435864100,pt, a mesma mestra de sempre para as miña carrouchas! 
18121588288336876,gl,"cada día máis linda, máis linda,cada día mellor e mellor... paulinha e galicia "
18393288442068468,pt,e-la mellor! 
18018085925053668,gl,encántame
17999789468301576,pt,toleasmeee 
17999561333196544,pt,nós somos team stream así que sacádea xaaaa 
18058250446511892,gl,fixémosvos caso e adiamos o lanzamento 
18013711493017092,pt,"temazo, e ti grandísima coma sempre"
18041404570538272,gl,seguides igualiños qe no .. non pasa un ano por vos eeh!!!
18056694430518492,pt,llangreu!!!! 
17927553281692172,gl,preciosas que nervios deseando oírlo 
18398838814043140,pt,que ganasss!! se viene temazooooo 
18272019034083824,pt,as risas no último vídeo son superiores 
17979297107537120,gl,desexando que salga xaaa
18311099623191444,pt,a que nos ven enriba!  que chegue xaa
18008951459053520,gl,iso é en sargadelos?! 
18086944819349504,pt,preciosa pili 
18032457994606164,pt,como mola o meu 
18106970458340224,gl,apertas fortes e saúdos á familia!! espero poder verte prontiño!!
17984795639399064,gl,eu tamén o conozo por pantxolis...porque será...
17997101621027680,gl,"jajajajajajajajajajaja é serto  oe hai que xuntalos a ver que tal se levan, a este encántalle a compañía canina "
17989457423341248,gl,qué xeitosa e menudas fotacas.
17890796393843872,gl,ghuapos. só lle falta falar!!
17914711043864032,pt,sempre si
17947680887769752,pt,somos sentimento. 
17870079330063272,gl,axudame a sentir
17891498687978212,gl,aisn  que ganiñas!!
18049221631593608,gl,inda faltaba ai o jaioso tamén cagho en diola
18069676384470060,gl,moitas ganas de sentilo
18325351864186688,gl,"dentro de pouco, axudámosvos a sentir e ao que fagha falta "
18001966346380020,pt,lindo sempre axúdame a sentir.
17999720420307000,pt,que chulo .
17957247020742188,pt,aí meu pobre ... 
18071742598473308,gl,jajajaja súper modelo
17989670777432020,gl,unha xa a sabes de memoria!
17970166589565494,pt,a rebentalo!! 
18006325508167452,pt,compartino nas redes
18048295570714592,gl,"pos xa que a lugo non ves ... pos iría a león ca miña pandereteira ""novel"" "
18046473577714736,pt,nos vamos a llangreu? 
17957398757634594,pt,"león , zamora ou llangreu"
18011023298370668,pt,con a llangréu
18047866792717368,gl,a calquer concerto estaría ben...
18001835600081260,pt,qué orgullo de vos tanxus!!! dende bilbao seguin todas as actuaciones e fin a todas as que puden..son do ríos perto das tanxugueiras de fumaces e sodes o mais grande que pariu a música galega os últimos anos 
17990843900288968,gl,"unha noite chea de emocions, grazas tanxugueiras por facernos tan felices, viva galicia, viva a cultura e viva a música"
17997879914175012,gl,"hermosuras y queridiñas nostras ,"
17974658237636816,gl,ainda que non puden ir non sabedes a ledicia tan grande que teño de ver o coliseum cheo por vos e por a nosa cultura que coa música parece que por fin lle está chegando a nosa xuventude.grazas
17915979455845558,pt,que loucura
18046143685560208,pt,histórico
18013916747021392,gl,"hoxe, mañá e sempre!!!  sois necesarias!!! gracias"
17993917013248216,gl,"espectacular, miña nai "
18303628999134944,pt,que precioso to do 
18007756391178916,pt,este concierto foi maxia pura! 
17849739219090664,pt,"o coliseum ata arriba, ailala laa en coruña non hai fronteiras "
17957536298724632,gl," pel de pita, pelos de punta. orgullo inmenso enche que desborada!!grazas por todo, grazas por tanto. espero ter a sorte de asistir ao proximo!!!"
17989722731233308,gl,pili eres moitiño 
17917425140821162,gl,eres unha crack 
18195371500278620,pt,"ola, son incapaz de mercar as entradas. xa se pode facer? grazas"
17863409465963352,gl,"está activa a venda, si! que problema tes? cóntanos por mensaxe se precisas :)"
17842435239073800,gl,"xa amañei, grazas!"
17973722996574028,gl,"xa amañei, grazas!"
18002044841090730,gl,"xa amañei, grazas!"
18140895988305836,gl,isto foi a causa da miña confusión!!! 
17845761843183010,gl,aiiii emoción ao máximo
18305765509146976,gl,tanta iluuuuuu  vouna poñer en bucle jajajaj
17998149884606944,pt,me toooo. a primavera está agardandooo
17891516624942600,gl,"conto os días, os minutos e os segundos para poder desfrutala e arrepiarme de novo. gracias "
18432336667006352,gl,amarrada a túa voz! que traxectoria fermosa e o que che queda!!! 
18098386516395448,gl,desexando poder escoitalo!! 
18113377894370176,pt,non o dubido!  o teu traballo nunca defrauda 
18036689338884560,gl,que preciosidade  tantas ganas de escoitala 
18007501148181060,pt,seguirei mirando a luz do teu faro! 
18006645542456784,pt,quando te voltamos a ver em portugal?
18012076853199216,pt,que bonito 
17927596946760504,gl,pel de galiña
17998367399603332,pt, preciosa!
18069482218443056,pt,precioso
17999777102598692,pt,preciosa!!!
18062093731520324,gl,"preciosa, graciñas"
17974024532547492,pt,que fermoso este alalá 
18035445073723712,pt,que bonito
18324783826187360,pt,que bonito!
17856661389118604,pt,día inolvidable e speech que levarei no cora sempre 
17876082009050616,gl,morro de amor e de orgulllo a partes iguales....e cada unha máis que a outra!
18221599111280176,pt,felicidades!!! 
17970507452552764,gl,con pel e galiña e a emoción nos meus ollos. que precioso todo
18002546960203200,pt, a valente e xenerosa marián  felicidades emocionadas 
18022194470031208,gl,joo moitas gracias!  espero que che gustase  temos unha comida de domingo pendiente 
17849702319157860,pt,querote pati! gracias sempre 
18037955509696040,gl,joo gracias amora! 
18049041328547608,pt,
17999064905280138,pt,parabéns marián! fermosisimo!
17976078710665820,gl,moitas gracias mariana  feliz de coincidir
18329102053142044,gl,amoriñooo
18024176339044232,gl,noite bonitiña 
18014141048223260,pt,foi fermoso! sumamente elegante e maravilla
18421548586021112,pt,preciosa e inesquecible noite. gracias
18043272883650944,gl,este é o noso canto de liberación 
17912945921907312,gl,miña juapa!! 
18246616243218760,gl,noraboa polo lanzamento! ansioso por escoitalo. moita sorte. apertas
17966194190583562,pt,por fin!!!! 
17900012231957636,gl,a por el! 
17995660643606816,pt,que fermosura o alalá do cebreiro 
18420177322003472,gl,eu xa pedin o meu coa botella d viño po mes q ven tokalle a algunha prenda d roupa
18029620294821420,gl,encantame. noraboa polo novo traballo. vemonos no colón.
17872212033067952,gl,"por fin chego!! parabéns!! gran traballo!! cada canción é marabilla, delicia,pura fermosura para a alma e corazón"
18011389838264424,gl,q bonito desexando escoitalo
17990390309397884,pt,"deseando escoitalo, gracias a ti por ser. "
17891518502917404,pt,me parece brutal  
17893282046988192,gl,"un honor e pracer infinitos, grazas a ti "
18011641718221288,gl,preciosiña 
18031101940895920,pt,guapa 
17997135701300684,gl,"preciosidad despertar e verte que orgullo vervos ali, nas ventas con paula  momentos que te alimentan a ti e a nos, verte feliz e triunfar e unha das mellores cousas do mundo. querote infinito "
17912683904812412,gl,bonitiña miña 
18010341830268036,pt,non podés se mais bonita! 
18115503172359000,gl,que preciosaa 
17904102383936184,gl,esa olaiaaaaaaaaa mais preciosiña imposibleeeee queremosteee
17989057184413400,gl," e isto é so a obertura do que vén!!! e veñen curvas , agarrádevos!!! "
17847290541169048,gl,e o que se vennn
18026962909813884,gl,dexesando escoitar todo disco  noraboa 
18072913087461960,pt, brava. quedou xenial
17988143426448028,pt, sempre!!!!!!
18026596846826200,gl, leva kg de amor
17850635307155336,gl, sii que ganas
17988024833628056,pt,querote!
18019897055093484,gl,lindiña!
17901540629951624,gl," gracias miña linda, por todo!"
18394636303039056,gl,noraboa...!! encántanme ese outfit..!!
18029778352649560,pt,noraboa!! mais que merecido!!! 
18268791643092744,gl,"moitas felicidades, mozas."
17958646928539256,pt,"parabéns, meninas lindas! o meu cariño sempre!"
18015360427929624,gl,moitísimas grazas!! 
18084755950390892,pt,felicidades
18272893597080172,pt,parabéns!
17878858920022372,pt, morro! 
18000939491409516,gl,que chulas as fotos! desexando escoitar todo 
17994435257327996,pt,ai! que lindiña es!  gracias!  desexando saber que che parece 
17974512554662288,pt,de morte morrida!  amote
18037208149694892,gl,lindiña! hoxe viñechesme á cabeza 
17870714265064340,pt,con ganas deso!! 
18018392845936304,pt,pois temos que vernos!
17892124820876250,pt,alí estaremos.
18020595265756368,pt,o orgullosa que estou de tiii
18036867697623800,pt,guapa! 
18016133500956088,gl,grazas por abrir camiño!!
18086757601401536,pt,e eu de tí meu amorrr!!!
17987636531528068,gl,que día de emocións vai ser o sabádo que ven! ganas de que chegue e ganas de arrouparvos!
18247438285229000,gl,eres luz  mereces todo isto e máis 
18092338294357792,gl,"es unha guerreira, unha loba con un mundo moi fermoso dentro. bonita por dentro e por fora, quérote miña oli! o sábado viviremolo xuntas, orgullo de vós non podo ter máis! "
18066836977459984,pt,"xenial! agora, disfruta moito cos teus, "
17917209641832470,gl,e eu a tí miña vida!!!!!
17984037677544548,gl,grazas por estar sempreeeee!!
17951613911708728,pt,estou tan orgullosa de ti e de todas 
17984208806605560,pt,e alí estaremos todos os que vos queremos 
18010699717932054,gl,"traballo e confianza. os imponderables son cousas que escapan, pero sen traballo a reo e confianza no bo camiño non hai nada. noraboa, alí estaremos gritando a tope "
18020861038903020,gl,"non sabes ben o que me está tardando,son o compi de vane,vimonos no partido en san mamede,e o domingo, cando suspenderon o partido en cacheiras, estaba con tua nai pero chovia tanto que non lle mandei o vinilo para firmar,xa cho mandarei outro día.o sábado,vai ser imposible sacar unha foto cas tres non?? si pode ser, dime a qué hora e a quen teño que dirixirme, porque xa che quixera levar o vinilo en esteiro, pero dixeronme os de seguridad que debía de ter unha autorización de alguen do equipo.xa sei que e moito pedir, pero por pedir que non sea,e xa falaremos, que ainda che teño que pedir unha cousa mais,e unha foto ou das tres,ou do grupo completo cando actuales,eso necesito que sea ka mellor resolución posible porque o necesito así, que sepas que con ésa foto vou a facer algo para regalarvos a tranxugueiras da miña parte, sinto non poder darche mais datos, pero creo que vos vai gustar.un saludo e a ver si nos vemos o sábado."
17998787468135876,gl,"de algo podes estar segura, e é que se algún día esa nena se atopara contigo, estaría orgullosa de todos os soños que levaches á realidade  dende fora, a xente que te admiramos, non podemos saber o que loitaches, pero si que vemos os froitos do que traballaches. e é unha das moitas razóns polas que tantxs estamos aquí "
17942578253756338,gl,parabéns olaia!!! cumpres o memo día cá miña filla!
18014149808490604,pt, querote
18098996548391136,gl, feliz de compartir camiño
18015921896477400,gl, gracias miña partner in crime
18017196590479480,gl,aiii ainda por encima somos veciñas?? 
17996475647587800,pt, querote
17971455566535716,gl, equipo
17999348273449848,pt,as mais chachi guais!    gracias por participar 
17934514619716360,pt, do mellor barrio!
18023087420058296,gl,wow marian  qué lindo soa! e persoas lindas.
17968848230703070,gl,guauuu!!! espectacular o chamado e desexando escoitarte !! 
17998679096279040,gl,boa intro!! sona moi ben! moi moi ben  desperta a curiosidade
17867758410077856,gl,quérote!!!
18014143835165386,pt,"volo merecedes!!! quen a sigue, a consigue, e co currantas que sodes non hai quen vos pare "
18334336999128504,gl,parabens polo traballo que levades feito estos anos
18309401098125664,gl,eres fermosa en tódolas acepcións do termo  grazas por ser ti
18088066357417784,gl,devolto quedou e con creces. síntete e sertirvos orgullosas porque os que non temos palabras pra agradecer somos os vosos siareiros. nótase cando unha artista pon a alma no palco e vos fixechedelo en canda un dos concertos que tiven a sorte de ver e sen dúbida en todos os demais. o de esa noite foi emoción pura e xa forma parte da vosa historia e da de cada un das mais de . persoas que estivemos ali disfrutando do voso esforzo e o voso traballo 
18402851722067520,gl,"creo que xa cho dixen todo nesta vida; dende o orgullo que sinto cada vez que te vexo enriba dun escenario ata o agarimo que che teño e o feliz que me fai verte sempre. confía e traballa sempre coma até o de agora, levades moitos anos da vosa vida facendo historia e deixándonos a nós ser partícipes. grazas por cada pequeno detalle, eres do máis especial "
18001923146390576,gl,"pero que grande e bonita eres olaia  é máis que merecido o vivido. aquí estivemos e aquí seguiremos, seguiremos acompañandovos nos vosos concertos e vós a nós no noso día a día através das vosas cancións "
17989664978397706,gl, encántame lerte
17938834088697076,pt,que grandes eres 
18019981394024244,gl,e máis que ven este ano 
17968330310571744,pt,mereces todo o bonito que che pasa 
18415349371004344,pt,apertas na barriga dende o brasil 
18227471893252556,gl,"o teu corazón e tan puro e tan bonito que trasmites ata o que sientes ti en nos,estou segura que te mereces todo porque como dixeches traballachelo ese dia quedou grabado no noso corazón para sempre aseguroche vamos poño a man no lume a que todo o que che esta acontecer e por a tua positividude o teu traballo e toodo o amor e empeño que lle puxeches porque seguro que che saliron mais oportunidades e fixeches o posible sin saber o que che depararia o futuro seguro que tiveches obstaculos pero ti saliches adianto como unha guerreira que estas feita! por eso que eres un referente ao que seguir querote moitoo grazas por todo oliii"
17936047697803124,gl,"miña bonita, mereces o mellor deste mundo "
18047198380610632,gl,"dos meses despois e ainda sigo sin superar absolutamente nada dese día, sempre orgullosa de vós, orgullosa de ti. gracias a ti por facernos sentir tanto cando te vemos enriba dun escenario, gracias por nunca rendirte. sigue confiando en ti, por que vas chegar moitisimo mais lonxe. querote millons "
18042514168638168,gl,",nos seguimosvos xa fai unha longa tempada ,cada concerto que fumos fochedesvos facendo ese oco pequeno no corazón de cada un dos vosos fans ,sodes sinceras e reais ,e unhas artistas coma a copa dun pino,non,dun ciprés ,seguide devolvendonos o que vós damos ,coma vos dicides ,có que mellor facedes ,arte  sodes moi grandes ,"
18014336897482656,gl,pois xa sabes… chegadas ata aquí xa nada é imposible!!! 
17950633490765090,gl,quérote tantísimoooo
18384445882073792,gl,"hola olaia,as gracias doubolas eu a vos,fixestesme pasar unha noite que non olvidarei na vida,, creo que xa che dixera que a miña finada muller,estuvo moito tempo enferma e deciame,""a ver si me poño un pouco ben para ir a ver as tanxu"" eso non pudo ser, era o único que me faltaba no concierto pa que fora a noite perfecta,ainda así, fixestesme pasar unas horas moi feliz, por eso, gracias a ti,e a todo o equipo en xeral gracias de corazón,e espero poder seguir disfrutando moito tempo de vos,. un bico grande desde raris e de parte de ramón (o compi de vane do praiña)"
17974758389636792,gl,"noite histórica inesquecible. grazas, grazas, grazas!!!"
17974072553505468,pt,siiiii!!!! enchémolo!!!!! que ben o pasei!!!!
18092036323380984,pt,felicidades 
17980238366442572,gl,o único que pdo decir nestos momentos e que estou moi orgullosa de vós 
18086166070398240,pt,que o destino vos cruzara no nosa vida tamen foi o mellor que nos puido pasar a nos ! sodes incribles queremosvos mil!! 
18041100844606784,pt,"non daba credito o tal aguante que tendes esas gorxas da xenio escoitalanoraboa rapazas , material e"
17952008183617014,gl,cousa bonita fixestes 
17970981659648538,gl,viva a cultura e a música en galego 
18028952395753672,gl,os quiero moito 
18008685884157678,gl,sodes unhas raíñas
18404880802061116,gl," espectacular, inesquecible, irrepetible...calquer cousa que digamos quedarase curto...pero nuns anos, cando os nosos fillos estuden este día no insti (porque ten que saír nos libros de historia) poderán dicir con orgullo: ""eu estiven alí!"""
17943591248750132,pt,sodes o mellor da galiza dende as irmandades da fala 
18017377939959968,gl,"a noite do sábado foi o mellor regalo de nadal. nòtase cando un artista é, ademáis, músico. e iso sodes vós e todos os que vos acompañaron: grandes músicos. que bonito e emotivas foron cada unha das cancións. vos non esqueceredes esta noite, pero nos tampouco. g r a z a s "
18205654042302324,pt,"nunca esquecerei o sábado, foi un soño feito realidade, un orgullo, un espectaculo,graciñas por tanto!! querovós tanxu!! querote sabela!! desexando comezar a nova xira con vós "
17907893747889656,gl,"unha noite especial,increible,inolvidable.."
17878679732981228,gl,enorme sigue así chegarás moi alto marian
18009936332065720,pt,adoro a última imagem 
18418377637027496,pt,ghuapa!!!!
18027612685913944,gl,que preciosaa 
18045847855619088,gl,"eres tan petit que pareces unha flor, ámote "
18024247732972860,pt,queremos te aidiii
17890911845917616,pt,"eu cada vez que leo o de ""petit"" , ah pero era de aida"
18025482859818104,gl,eres unha crack 
18018833302929924,pt,pequena 
18176697631291960,pt,i os chocos y zamarra??
18001544246519196,gl,xa somos dous
18088746109368624,gl,"eres o mellor, de corazón "
18016031776847392,gl,pasiño a pasiño ides chegar lexos. sodes un mísil a propulsión 
17891600354955214,gl,por todos os que nos quedan 
18342750115128960,gl,que ben explicadiño  a ver se entenden
17937766817712722,gl,eres luz tamén 
18116107162362288,pt,"non estou dacordo, aos homes anúlasenos sentimentalmente moitas veces, non hai moito para nós se buscas na rede en canto a ese tema."
18027388630988356,gl,eres persoalmente...de un xeito maravilloso
18231293368250952,gl,"cando alguén fala con paixón do que sinte ou do que fai, nótase!"
18018071903178180,gl,oxalá foramos moitas como ela son unha fan incondicionable
17881877652026156,gl,iso e moito máis 
18004495196143270,gl,graciñasss!!!
18400189939058476,gl,podes ser máis bonita ti? queroteeee 
17863719009026912,pt,preciosas 
17990022101220854,pt,preciosa
18212349196258680,pt,"mooozaaaa,teño terras,teñi vacas,teño millo e patacas"
18164151763291056,gl,"para min, o de aida... aínda que coas boobies miñas..."
17984401907502060,gl,fotóns!! ganas de nova música!
18054588370605772,pt,que fotazas....
17999485613317318,gl,"¡compañeira! nesesito unha sobredose da tua musica, do teu falar...da tua enerxia, do teu berrar. para cando pola ria de arousa?"
18043530955707288,gl,que cousa máis bonita. onte escoiteite todo o día.
18016753295272684,gl,boooh!! xa que andabas por aí tiñas que te achegar ao cole. habíache molar muchirmo cómo da as aulas . a ver si colaborades e sacades un single (metede coros dxs nenxs do cole!)
17970718037696080,gl,"estas non son de hoxe,senón volavas"
18091780948423472,gl,"moi guapa, igualiña que seu pai"
17990482835446616,gl,mil grazas
18011390645462500,gl,sería xenial que nos fixera unha visitiña polo cole!!
18003645311414016,pt,"porque caión é caión, non si ? "
17996473829613606,gl,artistazas as dúas
17863193319103132,gl,"son de ribeira,pero porto tan lindo como o d caión...poucos"
18016291280330672,gl,"home, moito o teño paseado! quen é ese tal manuel?"
18019187369155780,gl,ese tal manuel é un moi bo amigo teu...
18023322260314188,pt,xuroche amor eterno !!
18098366971396104,gl,fermosísimas.
17996550467338912,gl,"fermosas fotos. eres unha muller das que fan moita falta. un faro como persoa, música e loitadora. con moitas gañas de voltar verte en pontevedra"
18044121274662832,gl,"a modelo hai que deixalo...( cómo dicía unha tía miña) pero tamén lle axuda o entorno e como non fotograf@, un moi bo conxunto!!!"
18140705212316880,pt, canta calma...
17996546747330392,pt, música con maiúsculas 
18043683895654916,pt,festaça
18097392121395236,gl,boa enerxía con zenzar! --e ogallá un xabarín con sés e de presentadores. a cativada volvería ter amor pola nosa lingua.
17850075978161154,pt, precioso!!!
18020370004928372,gl,a canción pola que comecei a ir a festivais 
18226192948256408,pt,"mil grazas por estar, foi un reencontro (xa o dicía xurxo) precioso"
18012243386211092,pt,unha delicia de noite entre amig@s e cun público enorme! precioso
17982475754614790,pt,tas mais impaciente que os peques 
18212635696273184,gl,felices reis se te ve moi ilusionada espero que te traerán moitos agasallos tanto para vos e para os teus fillos bicos 
18023561165063044,gl,"son temazos que me acompañaron sempre ,grazas pola tua musica ses e non non debes de deixar de cantalas nunca "
17956714922754132,gl,"tes razón, pero consegues namorarnos con cousas novas como o medo dunha nena ou para cando eu morra"
18021040568291208,gl,"""mais aínda seguimos aquí...."""
18030706453926960,pt,o primeiro amor sempre deixa pegada 
18051801871599528,pt,moi boa e lucida conversa. parabéns!
18020609225113240,gl,a mi gústame moito humanamente e non hai de escoitalo en directo 
17919578381871930,gl,que gustazo escoitarte tamén cando falas 
18024311714042892,gl,encántame escoitarte xa sea cantando ou falando...
18343688371100564,gl,"son temas moi bonitos...pero personalmente escoitar ""a chamuscada "" ou "" mais que quimera"" e para min un chute de enerxia, un soriso, unhas lágrimas... as miñas preferidas"
17992478585622288,gl,a ilusión é nosa 
18018431948143808,pt,grazas por entendernos. pero temos capacidade de amar moitos mais temas. non dubides de nós 
18035333380886016,gl,"escoitar ""tempestades de sal"" xa é himno. escoitala cantada polo público ten q ser máxico! grazas por este himno!"
17970017876579228,gl,"mmmmm como te,amo!!!"
18410877136064088,gl,dunha vez que sufres sesitis crónica.....tódolos temas son temazos e himnos.....bravisima!!!
18258015631166748,gl,non o creo  voulle tirar máis horas que ao baldurs gate 
18032977621584268,gl,eu quero unha camisola :(
17942492300777084,pt,?????? lume na palleira
17995101914220488,pt,vaia macarra
18050906920548028,pt,foi falar o peludo
17990468270422072,pt,queremos un directo!!!!!! pa cando??
18049689877611448,gl,e unha canción fermosa… e como non viaxas a chile vou ter que voar a galiza para cantar tuas cancions 
17909123432844504,gl,non hai nada que soe coma ti....polo menos neste planeta. queremos mais do mesmo canto antes miña vida
17909656526925768,pt,verdade!
18311390338178708,gl,ti soas a vida mesma sin falsedades nin mentiras. mais pura imposible
18062842876470360,gl,di que si...
17996335547573758,pt,"eu busco o que soe a ti, porque grazas a iso para min houbo un antes e un despois ..."
18034141657848616,gl,cantas ganas teño de escoitarte
18023682146091404,gl,a música sae do corazón.
18008380007126480,pt,cánto tempo???
18425253319004580,gl,"son de barcelona e vivo en galiza hai  anos, tempestades de sal foi a primera canción que escoitei en galego, namorei!!!! grazas por ser mais do mesmo!!! grazas as tuas cantigas apredin moito desta maravillosa lingua galega!!!!!"
18029933431780176,gl,"ser t, soar a ti, eu quero máis do mesmo "
18040871302685916,pt,sempre a tua filosofia da vida ..sera mais do mesmo porque eres fiel a teus principios e valores persoais...namoras
18305862130147236,gl,"pos tes razón, filliña! na que discrepar"
18038623285548484,gl,quérobos!
17961777278670152,gl,grazas pola canción 
18027476017775440,pt,semente de vencer 
18019177798820652,pt,emocionante! 
17921740322732014,pt,semente de vencer 
18017012881931180,gl,"non me pega nada falar de indómita nunha escola, pois na escola ensinan a obedecer, seguir unhas pautas, a ser esclavos da sociedade. pois non ensinan a ser libres, fan o que sexa para amoldarnos."
17911272950779620,gl,que a mensaxe está ben. que conste
17864309574042960,pt,que monos 
18009123017120324,pt,por favor 
18257062852206004,pt,
18032230348652960,pt,que beleza  
17959733825560148,pt,que marabilla!!
18005813525494764,gl,"fermosa imaxe, e femosas verbas, que así sexa"
17847404466187158,pt,que macu
18092926669340104,pt,haberá vinilo? 
17874848036932428,pt,eu xa o teño dende o minuto !! non volo perdades e brutal 
18069627139425276,pt,
18023071027743032,gl,podes pedilo na fnac ou corte inglés 
17965173293508624,gl,joooo que pena non vou poder ir o venres porque teño clase de baile e ademais é un día despois a o meu cumple! pois outra vez será!
18010654459983516,gl,pregunta! na forma de hoxe da fnac haberá discos pa mercar? 
18020523068141520,pt,queremos o vinilo!!!
18009245953821762,gl,"non merecías menos, que ganas de que chegue o venres! "
18003458615010882,gl,alguén o dubidaba???  ganazas !!!! 
17889863396840508,gl," os que teñan entrada, que se sintan afortunadxs!"
17852354832048208,gl,que orgullo vémonos 
18266453734080048,pt,merecidisimo todo traballo ten a sua recompensa e ninguen o merece mais ca ti vemonos o venresssss
18006985522955624,pt,merecidisimo!!! 
18263899672090400,gl,"parabens infinitas,que ganas de que chegue o venres!se a alguén lle sobra algunha polo que sexa,que se poña en contacto por aquí ,que nos viria xenial unha mais"
17971426766432732,gl,"como me alegro, como se di en teatro moita merda ainda q nn ch vai facer falta eres vo en todo o q fas e ala x donde vaias arrasa unha aperta"
17872837397972992,pt,afortunado eu de tervos ao meu carón 
18091956622365224,gl,noraboa o mereces moitísmo!
17999945573297494,pt,"ao final non puiden ter entrada, cheguei tarde.  agardando por próximos concertos para poder verte! parabéns!"
17968973081466276,gl,que pena no poder ir 
17853651816045968,pt,e outras tantas que houbera!
18002971667037902,gl,chego tarde. se alguén vende dúas por non poder ir que me contacte.
18006505213964112,gl,sóbrame unha entrada
18382731829052316,gl,"sóbrame unha entrada , mandádeme md si alguén necesita!!"
17990004059349776,gl,xa a vendín 
18207033646266812,gl,xa a vendín 
17908888316759176,gl,"ohhhhhh,gracias igualmente,a ver se aparece outra opción "
17930394266758760,gl,se alguén non pode ir e quere desfacerse da entrada a min interesame ter dúas
18317733070138536,gl,"a ruare! que pracer coñecervos e gozarvos! o mellor  para vos, para toda a musica galega! que o ano sexa moi ardente!!!"
18011305610317508,pt,a ruare pois! 
17995747538213564,pt,que bonito todo! 
18015245336033616,pt,foi brutal vervos!
18014716298096240,gl,que maravilloso espectáculo! que ben coñecervos nese concerto. xa vos sigo para sempre! bra-vo e a ruaaaareeee!
18046043017526140,pt,feliz 
18036009055713692,pt,feliz aninovo
17887284173972568,pt,feliz ano!
18036760498655480,pt,"feliz ano, familia!"
17929156370714952,pt,o mesmo
18023348152924696,pt,feliz ano 
17901622190844310,pt,feliz ano susana!!
17904543407910252,pt,feliz  
18406822696054400,pt,feliz ano novo  
18243125377145272,pt,metelle  anos mais 
18069285304485796,pt,mariasoismo ou barbarie
18014323885995182,pt,por moitos mais 
18103907293370320,pt,preciosa
17996979302169204,pt,o de salvaterra foi
17864881187992800,gl,que bonito e que magua non poder estar en mais de un sitio a vez.
18062499472441716,pt,grandes!
18012704110977918,pt,burrada.
18008691974038370,pt,"que bonito foi vivir cada un dos concertos da man de todas as primas, grazas por abrirnos as portas da vosa acrópole, todo o que sentimos permanecerá aí para sempre "
18002140901325846,pt, foi demasiado.
18026241334730192,gl,moitos éxitos neste  
17984152736389776,gl,dios te oia jajajaja moitas gracias 
18029118091534608,gl,"chulas, o concerto estivo guapísimo, graciñas polo espectaculo "
18237198022169604,gl,fixechedes maxia !! grazas
17951261306562954,pt,q preciosidade
17894485631888760,pt,porfin
18044470117465956,pt,"discazo, parabéns "
17994898235508988,gl,moitas ganas de escoitalo xa 
17893023278825068,gl,longa vida a ardēn  marabela de artistaza
18025387888722860,pt,que chulada 
17886428306919996,pt,lume na palleira 
18001176920037696,pt,canto vou disfrutar nese estreo na sala capitol o 
18017157295681564,gl,"o primeiro que fixen o saír de casa, escoitalo enteiriño, incrible, encantoume"
18207107896249868,gl,sodes as mellores  vemos nos hoxe en salvaterra
17979300521267462,gl,quérovos moitísmo 
18066278866386484,gl,había anos que non desfrutaba un concerto coma nos vosos. parabens
17991946511488474,pt,"grandes,foi xenial "
18378606091058208,pt,brutais!!! como desfrutei no osa do mar!!!
17862727926002444,gl,non vira esta foto! sodes as miñas dúas parellas favoritas da música actual!  fan de vós!
18021291967817016,gl,eres xenial 
17860762943997948,pt,en chave de carballo non hai marcos porque é todo meu!
17855309121033984,pt, artista
18090806683367608,pt,mítica pili pampín. 
18003899942004744,pt,me encanta 
17855901968999076,gl,"moita pili , gran artista e mellor persoa . quérote xa o sabes e a chus tamén "
18260920267162032,pt,a mellor do mundo!!
17902896029777980,gl,pili eres unha artistaza!!! 
18385629679020976,pt,lenda viva
17981059364464890,gl,que ganas de ver todo o que fixemos o adianto está fermoso
18023287537754792,pt,se é que sodes...
18001637411465056,pt,álbum novo?
18018197035744536,gl," eres digno de admirar.. despois da longa viaxe a corea volviches e seguiches currando a pesar do cansancio, non paraches.. unha que ti mais eu sabemos e increíble pero ti non te quedas corto eh? que jrande eres! "
18033323485585928,pt,grazas a ti sempre! 
18013445194866828,gl,como lle gustan a mericrus unhas boas armonías vocais
17906225057893394,pt,"os amoh, viva lasss aguah"
18064690192462028,pt,q lindo 
18249567643173920,gl,que guai! mola moito carlos!! 
17907675086801678,gl,enjánchoas como veñen! 
18017970829960140,gl,a verdá é que o tema axudaba moito 
18005887577245812,pt,cómo me gustou 
18299461069127660,gl,graciñas meu!!!!
17995408535197176,pt,como mola(s) 
18272227537167020,gl,unha pasada de novo!! grazas por vir a xuntos!! 
17990571302312376,pt,grazas a vós por convidarme! 
17981200472438134,gl,moitas gracias meu rei! 
17899997537847116,pt,non era morita friendly o plató :((((((
17850629316104686,pt,o can é un capo
17997055994195778,gl,a morita é unha campeonísima!
17860303778980720,gl,desexando escoitar todos esos temazos 
18032037268578012,pt,por ardēn!!!
17985337586461080,gl, pódese mercar de manera física?
17968718687463024,pt,todo a vida por diante e tododiós aos teus pés. noraboa 
18017861653751360,pt,"a ruare, mecaa! "
17866099757994810,gl,admírote moito compi 
17972386217574980,gl,bravo!!!!!! desexando poñelo nas aulas de secundaria de verín. fabuloso traballo!!!!!
17996151239175184,pt, moito amor mondra!
18197089855279640,gl,eu máis a ti 
17895123014889852,pt,
17935211309729920,pt,querote moito wapeee
17927293154770216,pt,e eu bertisss
18229948468242704,gl,"non sabes canto tempo levo esperando isto. e sae o día do meu cumpreanos!!! grazas, oxalá nos vexamos nalgún lado para que mo firmes."
18019389130650644,gl,"non sabes canto tempo levo esperando isto. e sae o día do meu cumpreanos!!! grazas, oxalá nos vexamos nalgún lado para que mo firmes."
17973563186350568,gl,"non sabes canto tempo levo esperando isto. e sae o día do meu cumpreanos!!! grazas, oxalá nos vexamos nalgún lado para que mo firmes."
18069812020396876,pt,"parabénss  mais bonitas :"")"
18308942743137776,gl,noraboaa!! por moitos máis
17919438818814540,pt,aceptanse bombons de chocolate no adestramento para celebralo!!!! a disfrutar!!
17881370339967832,gl,que bonitiñas pero mención tamén a gatiña 
17955155087577802,gl,"que bonito , moitos parabéns e que veñan moitos anos máis así de ben "
18000896315213148,pt,parabéns e moito amoooor!!!!
17952105470595372,pt,"metéuseme un ""non te vai pasar"" no ollo  moitos parabéns!"
18074632366419472,gl,parabéns bonitiñas
17913620024828310,gl,parabéns bonitiñas
17853538140069720,pt,oleeeeee parabéns
18021271891714288,pt,parabéns chicas!!! moita felicidade para vós!!
18098725711328320,pt,oleeeeee parabéns
18079666624404872,pt,aaaayyyadoro está parella
18024474325759816,gl,moitas felicidades pareja por moitos anos mais 
18021977950700304,pt,"parabens as duas,e a por moitos mais "
17926959980703852,gl,"parabéns. eu o próximo día , celebraréi un ano de casada con miña muller, e en agosto celebramos  anos de relación. espero que vos cheguedes a os mesmos, e os dupliquedes como mínimo "
18012288577955208,pt,morro de amor!!!!! 
17970793490559436,pt,
18042949648687656,pt,mima si que miras pouco as redes 
17991746090216656,pt,preciosa que eresss 
17871762891010372,gl,que monísimaaaa 
17966710424516518,gl,que guapísima 
18083859328401204,pt,beleza!!! 
18054489538586088,gl,oooh!! moitas tardes paseinas na ermida i ela estaba sempre sentada cunha sonrisa e falaballe a miña filla con moito cariño!! inda recordó algunhas comidas no campo e botar unas pandeiradas!
17973394238698344,gl,é coma o vello que ía ó revés no burro.
18029825995793076,gl,en q local se grabou o programa? é unha chulada
18017496142867552,pt,brava!!
17985345983265608,gl,adorei  parabéns!! es unha actriz enorme 
18394457914034764,gl,ghrasiiias anxo!! moitas ganas de ir verte a un concerto!!
18026386999932400,pt,grandes e referentes e máximos amores
17974651379658692,pt,verdade e corazón
18280129711160208,gl,"mamasiña, que ganassss...!!!!!"
17847854859154344,pt,"gozada! que ganas de escoital!. isto non se fai carallo, que a ver agora que facemos coas ganas"
17855047557091908,pt,wow wow wow !!!! mais agora quero mais
18126696784331776,pt,"que molon cando che valoran a cercania a hora do traballo.. cantantes, músicos, camaras e demais hai moitos, pero que nos queden amizades bonitas. "
17988985601385500,pt,o melhor dos melhores. e as miñas nrnas tanxugueiras
18071744665462432,pt,totalmente!! 
18335819953098200,gl,ganas de escoitalo!
18416829268024584,gl,bueno ti tes “enchufe” e o meu permiso se queres escoitalo antes de que saia jajajaj 
18013188917179676,pt,me derrito!! 
18006867827340272,gl,sabios consejos  que pintasa todo por dioooooooozzzzzz  que chegueeeeeeeee
17988968579384342,pt,che cheeeegue a luzzzzzzzzz  ganas de verte cuchiflora
18383296162032196,gl,"cando tes razón, tes razón "
17943417740750928,pt,moita sorte paulinha!!! 
18006278684128440,gl,fuaaaaaaa que ganísimas 
18008917079114184,gl,estás nerviosa? :)
17869543202981796,pt,sempre avante !! 
17990367965529868,pt,mundial 
18129850873319588,gl,graciñas nenoooo!
17984747306399560,pt,duro engenheiro
17911722860889972,gl,guapa 
18029853997777684,pt,a ver como facedes nos demais concertos para levar un órgano
18000309962221904,pt,vai ser camarada
18395319280070508,pt,"que os deus te escoiten amigo, xa vai sendo hora de que a miña querida galiza se levante, deixe atrás os complexos e mire o futuro coa cabeza ben alta. e iso só pasará se o bng está na presidencia, xa de ben demostrando fai anos nos concellos onde goberna, agora o paso lóxico é saltar do rural á xunta...vaaaaaamoooooooossss!!!!"
18411182779060572,gl,"ogallá así sexa, galiza precisa un cambio. un cambio con xeito, con amor o noso e non pode ser en mellores mans que con ana, facendo o país que nos merecemos, e para os que estamos na diáspora podíamos voltar"
17871606189054748,pt, di que si moi ben falado 
17866250232036060,gl,mañán toca facer cambios e facer historia 
17898628949899082,gl,"que maravilla  que tandem perfecto facedes!  mullerazas empoderadas,  artistazas, e un temazo increíble, un precioso homenaxe a nenez... sodes o máis... xa non hai palabras para describirvos... querote pequecha"
17930700032834312,gl,"vervos ás cinco xuntas é moi especial, grazas por alumear o camiño "
18002207576263936,gl,"o tandem perfecto, artistazas e mullerazas"
18038952331663908,pt,pero queeeee guapas !!!!!!
17977165622668900,gl,"que poderío de mulleres, e galegas, que orgullo "
18034245493843704,gl,o poderío galego nunha imaxe
17988500075466026,gl,bonitiña!
18442124905016320,gl,graciñas!
17842436454198748,pt,q bonito é vervos xuntas
18036668167698640,gl,"brutal as cinco xuntas, o mellor soño "
18023646794097868,gl,"toda a canción é incrible, pero esa parte (xunto coa dos monstros e as fadas), fai que o todo se me mova (corpo e alma). gracias pola música, as letras e o sentir. "
17948989052781036,gl,qué grupo máis xeitosiño! / ás veces na vida pasa / que se acaban por xuntar / a mellor de cada casa. 
17876896083000776,pt,enkntam o conjunto 
18040630210740296,pt,"e un soño feito realidade, grazas!! "
17996270123306642,pt,era outro depor 
18030938752859096,gl, está claro que non se pode ser jo en todo
18025151554815508,gl,se non sabían coller a gaita xa...
18051431500560216,gl,¡gracias por ter tanta paciencia! quen diría que coller unha gaita sería máis complicado que gañar un partido! 
18280907134167232,gl,"pois aínda lle dás un xeito, mauro! tamén tivéchedes boa mestra :) "
17993030168486284,gl,xefa!!! estou currando no vídeo ese do brisa!!! non vou esquecer nunca ese día quérote morti!!!
17871817688920356,pt,que guapa 
17885430053990824,gl,tes máis que merecido. parabéns
17843580537196994,pt,enorme susana! moi merecido gaiteira
18103340218388840,gl,noraboa!!! merecido sin duda algunha 
18424754800038336,gl,noraboa!!!! a primera de moitas que che quedan por recibir 
17919657545869944,pt,eu se podo vou!!
18004646945237956,gl,venres ! grazas grazas grazas que o xoves non podíamos 
17987387258396268,pt,"que preciosas trenzas! que preciosa ti toda  por fora e por dentro querote infinito, por sempre "
18251878084204248,gl,quéroteee
18018022474886336,pt,preciosa
18015067297905460,gl,que bonita eres!!
18023101876759776,gl,o estilo perseguíate pero decidistes ir á par 
17959882337654684,gl,mamaíña!!!!!!!!!
18038738347516360,pt,preciosisima
17870096472065714,pt,chulada! 
18044507416715904,gl,a tales horas xa é de  moitas grazas! 
18025627729979952,gl,que ganas de verte mañán de novo !!!
17913470555909232,gl,mola moito 
18014228318230824,pt,que bonita
17967810935699936,gl,encántame esa pandeireta... . vas estrenala hoxe en vigo? camiño do concerto que imos
18214082407278852,pt,homee... quentando pa segunda parte 
17899805165855672,gl,en coruña 
18011231134928290,gl,a coruña 
17983519100228500,gl,"madre mia,con esa vestimenta xa parencen karol g,co bonita que é a sencillez "
18009782620901584,gl,na coruña! 
17936613743636598,pt,coruña 
17984114720258912,gl,non estades mañá en hospitalet?
17995436354201316,gl,"buenos días queridiñas!onte disfrutei co concertó q fixestes en hospitalet,sois grandes,a partir de xa unha seguidora mais!!"
17869620320943000,pt,un anaquiño de pan que alá por onde vou a velas sempre ten o mellor sorriso cando sabe que estou aí
18313463722104488,gl,bonitiñaa!!
17996002412022372,gl,"tal cual ! así es! ti es un amoriño, eres casa, os teus abrazos dan vida, o teu sonriso alegrarnos os días grises, ti en xeneral fasnos mellores personas; grazas por existir, por entrar na miña vida, por todo. e si, non podemos preguzgar sin coñecer, non sabemos que problemas ou cousas ten detrás esa persoa, esa e a miña loita persoal ca xente cada día, querote pequecha"
17935191284642580,pt,exemplo 
17902330589786616,gl,"sempre cambiando pero sempre sendo igual de especial! segue sendo tan ti e tan bonita oli, non podemos quererte máis. estou e estarei sempre inmensamente orgullosa de ti "
18012956128862516,gl,oli eres a luz que guía ata casa e q con ela brillanos asta os ósos
17908284869826142,gl,canta razón tes!! grazas por ser unha rapaza tan maxica!!  eres luz!! 
17869044434989532,gl,olaia a xente creen moito eh quen somos cada día somos alguhen novo unha nova persoa cada despertar eh novo
18010660954909228,gl,pois é verdade que cando te saudamos despois do concerto de tenerife parecíchesme e fuches súper riquiña! gardo moi boa lembranza dese concerto e de ti en especial. 
17993719742509782,gl,olaia ti votaslle gaseosa o viño
17997242693176416,gl,quérote!!!!
18354254506079264,gl,quérote!!!
18059894977456312,gl,"brutal o que día, a peor arma que temos os seres humanos e a lengua, podemos matar personas con unha simple palabra o unha opinión. cuando non sabemos que historia ten detrás. xamais deixes que apagen a tua luz. "
17868712121991416,gl,"o que dis, non día jeje"
18260492851161608,gl,"cando se fan as cousas dende o corazón, non hai dúbida . e lembremos que os xuízos falan máis de quen os emite que da persoa sobre a que se fan. a mente fala a través das creencias e os límites. o corazón fala só a través do amor "
17970496736454292,gl,"aiiii, ganísimas de escoitalaaaaaaaaaaaaa"
17863960668001380,gl,"dúas mulleres que admiro moitísimo xuntas amiga, non sabes o feliz que estou por ti "
18001745098901048,gl,e que naceches para brillar preciosa 
18195744142273160,gl,noraboa as dúas !
17961169478644400,pt,no cambies nunca 
17891687522843056,pt,o falar non ten cancelas! cada quén que vista como queira! 
18054772645468968,pt,totalmente dacordo!!! cada quem q vaia coma lhe preste 
18228173905218900,pt,"unha ventaxa de cumprir anos é que as ""etiquetas"" importanos ben pouco ( os que critican aos demáis pola sua maneira de vestir é que se aburren moito...."
17898155021889792,gl,"se todxs falaran coa verdade coma ti nas redes sociais, non habería tantos problemas de autoestima e inseguridade  grazas por contribuír sempre a iso"
18024118729733856,gl,"eres (somos) a dona señora e patroa da túa figura ti a creadora, a quen non lle guste que rabie. non cambies e sigue rompendo esas cadeas que nos atan, dando visibilidade a este problema de aparentar ou querer cambiar para gustarlle aos demais, e bravo por ti por conseguir esa autoestima despois de loitar tanto por ela é axudar agora aos demais a ver o que de verdade importa "
18012058018905892,gl,pero como tan guapa oliii ! grazas por todas as mensaxes que mandas de de o corazón e q chegan cunha luz intensisima a nos 
17949766001769658,gl,todo o que facedes soa bonito 
18017242340503840,gl,grazas a tí por facernos disfrutar dun grande concerto.
18033231481869256,pt,foi moi moi chulo! viva o trad 
18051941644599012,gl,precioso........xa cho dixen cando saías pola pprta
18020985932092480,gl,e nos en primeirísima fila jajajajaja 
17926406666760432,pt,"exactamente. primeira fila, de sacar as entradas cando sairon "
18024422057001192,pt,eu vou
18007921597796292,gl,qué bonito foi coñecerte!!!
18082632538354888,pt,eu solo pido que saquedes benvaaaibra ajajajajaj love uuu!!
17995741829176764,gl,non se pode ser máis bonitiña!!! 
17872646558914954,gl,como fixérades unha canción con vaime dar un algo 
18011971492852886,pt,grazas por ter sempre palabras bonitass
18099187825346716,gl,"que feliz me fai vervos tan felices, facendo o que mais vos gusta, felices, paseando ben, aprendendo, coñecendo xente nova,... grazas por todo o esforzo e traballo duro , por perder tempo sin estar ca vosa familia para regalarnos cancions que nos chegan a alma ; grazas por ser como eres pequecha, gracias por tanto "
17977189133316364,gl,"p. d que xenial empezar o dia contigo, acabo de despertar e dibujachesme unha sonrisa na cara  querote."
18193356250286112,gl,guapísimas 
17918424281764662,pt,hai tamos para aturuxar
18021032485791948,gl,siiiii con moitas gañas eu xa las teño las entradas  vémonos 
17993625716351524,pt,e vós non sabedes o que vos queremos a vós!!! 
17989850615383956,gl,"tanto como te queremos nos a ti miña nena ,as que tiñades que estar,estades e sempre estaredes na miña vida,  que preciosa no video e sempre ,"
18388735138006048,pt,o meu carón ali estaban esas que tiñan que estar  querovos sempre
18002403775995590,gl,grazas bonitiña!!!
18288554866147244,pt,o mais xeitoso! e que ben toca 
17997272756099664,pt,foi gassss 
18010650893009760,gl,o máis millor de todos 
17900396609934636,gl,"ok diva, ta xula a choia esta"
18016231343079616,gl,moitas gracias moza!! :)
18008672782937728,gl,o vídeo  é unha tirita no corazón 
17989158533465424,pt,opino o mesmo!!
17895862499866320,pt,tan divertidas minhas tanxus.
17987224457157778,gl,sois preciosas!! 
17921258756698388,gl,os videos>>>>
17929521563757414,gl,maravilloso o de ¿cantas persoas se estarán pensando sen sabelo? 
17872163651932784,pt,o vídeo  é maravilloso 
18010287955905476,gl,encántanme todos máis o  e o  non podo parar de miralos.
18122624029332160,gl,moitísimas gracias por haberme dado a oportunidade de participar neste proxecto! paseino moi moi ben! 
17985161159417002,pt,non se pode molar mais
18043948522711860,pt,o do país
17998109042369700,gl,un bicazo susana dende celanova...arriba seivaneiros 
18032302939637276,pt,que grande eres
17953635569703944,gl,susana galicia calidade
18035740510619380,pt,genial susana!
17998964000099920,pt,por fin o vou ver!!!
17988401336417384,gl,sorte en toda a xira
18426630124041800,pt,non me da chegado o día...
18056959999528072,gl,vémonos o sábado!!!!! que ganiñas!!!!
18038824207706776,gl,ganas de vervos queridasss 
17851641792122214,gl,que orgullo 
18062085772510512,gl,que orgullo rapazas 
18021496334309068,pt,sodes muito 
18050976973586232,pt,que ben soades!! 
18031459222896240,gl,"descubrirvos nun festival foi do mellorciño que me puido pasar, sodes unhas máquinas!"
17996640290344698,pt,grande susana!!
17882525783974396,pt,ufffff! me gusta. ya te sigo!
17889434408951240,pt,"feito, dende o principio "
17930051960699372,gl,grazas susana!!! 
17996693957150460,gl,moitas grazas..susana por poñer voz a nosa vila....ánimo...un bicazo e unha aperta dende celanova como non 
18017696050810868,gl,síntoo. eu vou votar pola liberdade e a democracia e pola defensa do estado de dereito. non queremos unha venezuela europea. viva españa e viva a constitución 
18109775446349104,pt,está ben. pero neste vídeo non ven ao caso 
17862981738011480,pt,"precioso, contigo e con nada pode sair mal "
17865114470996288,gl,"monstruaaaaaaa, que barbaridad, non podo para de velo e escoitalo "
18055833436495560,pt,voce vai gostar deste. jaja. cañita desde gz curmán.
17996625566340576,gl,vou escoitar hehe
17861101551059460,gl,"os lugares teñen nome, aceredo, aldea asulagada en  e a casa da escusalla, na parroquia de manín do concello de lobios. non é moito pedir que aparezan nos créditos."
17882651462917704,pt,tremendo valor
18061823122430276,pt,o meu primerito día 
18424918882005000,pt,onde nacin 
17879888054987462,pt,precioso
18018376015835008,pt,que sorte a vosa! visitouvos o apalpador!! 
18402951784049088,gl,como molaaa
17916542969779820,pt,aí tamos! 
18051564667532444,pt,abraiante !
17987169824355320,pt,queremos vinilo!!
17987149256342614,pt,"parabéns, martín "
17873576933916082,pt,que trabalhazooooo!!! parabéns!!! 
17992758473263054,gl,"algho teredes que ver vós tamén, señorita"
17952869039665596,pt,que flipeeee!! moitos parabéns 
17989324016346368,pt,quero comprar 
18022970419669012,pt,"quero , grazaaaas"
18098439760356552,gl,eu quero mercalo  e si o houbese en vinilo tamén o merco 
18080311996390552,pt,que precioso 
17906955617762864,pt,jooo eu quero o meu!! e asignado personalizado!! como??
18098878657358280,pt,"que marabilla, agradecida da vosa arte artesanía "
18031545097599364,gl,"éche unha auténtica gozada escoitalo de comenzo a fin, e podo afirmar que onte, despois de escoitalo en bucle durante todo o día, éche unha goza non deixar de facelo!!!! parabéns para todos e moitas moitas moitas ganas de voltar a veros de novo en directo "
18002593064075338,gl,que grande
18395533795041552,pt,que lindo!
17864949687002720,pt,parabéns!!!!
17930815586660752,gl, parabéns! dende que saiu nas plataformas teño o álbum  soando  unha e outra vez  e non me farto de escoitalo! xa devezo por ter a copia física nas mans! un traballo de luxo! 
18372029329064760,pt,precioso!!
17990299670514192,pt,festi choqueiras
18008480863782468,pt,que pasada foi poder gozar desta marabilla no revenidas 
18174855628305120,pt,que currada de concerto no revenidas! impresionante ali estaremos o !
18030964444879684,gl,asiñaaaas
18061297042471480,pt,impresionante
18012460310043372,gl,eres unha crack!!!
18025099381698968,gl,que hermosaaa
18022936864883192,gl,encantasme
17982622382541804,pt,guapas 
17967563846444376,pt,guapos 
17978177132296930,pt,os papo
17888316188912476,pt,as miñas duas persoas favoritas 
18009253924768010,pt,uff tanta beleza doe nos ollos 
17847302418113512,pt,que bonito!
17999435084133424,pt,vaia regalo de nadal.
17871629888984010,gl,voas festas pra toda a familia 
18373788847077520,gl,campiona eres unha grande da música
17986198505604356,pt,felices festas prima!!
18005110583228796,gl,non me pode ghustar máis..... inmellorable 
17990879834530640,gl,encántas!!!  bo nadal
18031477294752652,pt,que bonito
18135559348314112,pt,encantame!!! e a entorna non pode ser millor
17862999432065344,pt,preciosa!
18019755628900564,gl,a ver si ves cando estea eu!!!!!
18292734496082828,gl,eres un gran artista eres maravilloso encantasme eres un grande da música e do baile biquiños de unha viguesa 
18007058222172780,gl,graciñas de 
17992238855402648,gl,grazas a ti corazón 
18231336460252776,pt,que planazo!
18012804319876610,pt," preciosidad, fotaza, e viva a intensidad! a vida contigo e a tua intensidad e moito mellor"
17993519210221776,pt,cando a intensidade fai ben é a mellor das virtudes 
17975361998582266,pt,"eres cuquísima olaia, no cambies nunca "
17894817779884574,pt,preciosa 
17870704607938406,gl,queres deixar de ser tan guapa? bicos miña irmá pequena
18389237395028644,pt,preciosa
17995571210051456,pt,preciosa
18036916972547108,pt,jajaja quérote amigo!!!
18107090557331192,gl,eres unha persoa especial fermosa encantadora simpática que mais se pode dicir queremoste oli sempre ti 
18037987648530332,gl,ti si que sabes! que viva a xente intensa!
17896357784809706,pt,un alma inqueda buscando as estrelas no seu reflexo
17872207905000462,pt,fixen a misma coisa 
18035282464884136,gl,como molaaaaa
17878229004059336,pt,regresaremos a b.a 
18113768149342160,pt,parabéns!!!
18277894690084472,pt,felicidades david 
17982743708614142,pt,que guapos 
17993817686521500,gl,moitas felicidades 
18017388352983744,pt,felicidades
18015156904866752,pt,guapa parella 
18274335106161000,pt,felicidades!!!
17864542134016116,gl,parabens a ser moi feliz
17995965413292746,pt,"como me tarda,vemonos no colon"
18017093522312436,pt,eu quero
17968660136548508,gl,"norabóa, xabier! unha grande aperta"
18024395131940448,gl,ilusionadisima por escoitalo !!!parabens!!!
18061822396460644,gl,desexando escoitalo
18004538480351232,gl,"con moitas ganas de escoitalo. que vaia moi moi ben, xabier. bicos"
18017933408035752,gl,"a entrada xa a teño, a ver se chego a degustacion...."
17848285470074240,gl,lume puro este rapaz! equipa fermosa! arte polos catro costados! sempre admiradora túa compañeiriño 
17954970320673504,gl,"mañan en carballo, moito me gustas cheee cantas material"
17946422684703988,pt,espectaculazo! foi tremendo o da capitol! 
18063254884450608,pt,que fermoso!! e alucinante!! lume que ârde!!
17995675757290864,gl,felicidades xabier! exitos 
18085959937422944,pt,"feemosisima e chega, a ialma!! "
18215807746279024,gl,fas todo taan bonitiño
18021635671851832,pt,larpeiro 
18021065647716420,gl,"aiii, que ilusión! co que levo esperando por el. o  tamén é o meu número, xunto co , pero desde que cristiano mo roubou xa prefiro o . é broma! moitísima sorte o , xa sabes que eu ía de boa gana pero non pode ser."
17986850294271752,gl,"que gañas, parabens"
17993097233160000,pt,"menos mal levo intentando comprar entradas fai  mes, o meu número tamen ó  moira sorte susana ali estaremos"
18049332736530268,pt,que pasada!
18006043262491900,pt,que alegria!
17941934606755448,pt,ali estarei como a sempre que alegria 
17949885548753524,pt,preciosura
18048520486590456,pt,un traballo precioso!! 
17996444948270144,gl,que cousa bonita xabi 
18015213068133532,gl,"ledicia, que maravilla"
17893690544904218,pt, precioso 
17916779204854392,pt,foi xeniaaaallll 
18027469966820840,gl,"bravo xenial, que luxo de invitados, noraboa"
18001302749187972,pt,que marabilla!
17990725484550556,pt,diosss¡¡ rejeton a la pandereta 
18037754590683456,pt,namorada!!! 
18005606569974436,gl,canta xente guai
17959800707711984,gl,que bonito tema moita suerte
18216212974258796,pt,unha honra compartir esceario contigo! grazas por tanto 
18027830272775480,gl,"grazas a ti ! foi unha noite xenial, espero que a disfrutases tanto coma min. repetimos cando queiras . vémonos pronto! bicazos!!!"
17919196658745334,gl,mi madriña que grandes sodes. e increíble o que logras cunha gaita. notase que a fixeron en seivane... 
18315889240117812,pt,"grazas a ti por todo, foi un privilexio"
18401550667025660,gl,grazas a ti por facernos partícipes deste tremendo espectáculo e por volver á tús casa. foi un tremendo pracer! volve pronto susana 
18009005570025112,gl,que alegría vervos de verdade!! vós si que me vistes medrar persoal e artísticamente  cantos momentos vividos con vós que sempre recordo por moitos anos que pasaran. gracias a vós. desexando repetir 
17978050490431974,gl,porfa lee a mensaxe privada que é de parte dun colexio
18011059394055460,pt,alli nos veremos
18070202179396256,pt,susana xa as comprei ala estaremos con vós como sempre
17999525360524268,pt,de arriba a abaixo e de adiante a atrás
18013999106104556,pt,coidate moito
18074694562414612,gl,uh! planazo! música e unha copiña de viño... 
18053948113540860,pt,saúde!!!
18015922754281576,gl,que ganas teño!
17868012393061164,pt, eu quero!!!!
18026190652927420,pt,dous de meus favoritos xuntos!!!! que cousas mais bonitas facedes! 
17880465317966304,pt,eu vou! 
17897647259951252,pt,merecido!!! 
17910231317910632,gl,o día  nas tendas! ou na web
17872937459999896,gl,"por haber esperado ás indecisas, quedamos sin entradas pra ourense. será pa a próxima..."
17874159399034104,gl,eres un grande da música e do baile e tamen do cante. en fin eres un moustruo 
18303204004126944,gl,aiiiiii!!! graciñas de !
18410146033012324,gl, ati por todo o que fas campion
18048506977595552,gl,desta xuntaza de artistazos só pode saír algo bo! desexando velo! 
18023073658837812,pt,que terán os maneos
18086766847418448,pt,que bonito!
17989317788363240,gl,que ganas de escoitar o novo disco!! 
17999806874209464,gl,grazas a ti polo talento e a boa disposición 
18021373699968980,pt, como sempre: marabilla
17955013067619744,gl,xa queda menos para escoitala
18219282406277524,gl,tamos coma roxós!!! 
18022672849785500,pt,que bonita
17854866351098668,pt,preciosaaaa
18031664800793592,pt,preciosa
18304694017135700,pt,preciosa!
18292638994198244,gl, fantasía!!
18223233178251884,gl,da miña terriña  cousa bonita!!
18020421220821088,pt,que preciosura!!! 
17989529000579908,gl,uff que bonita
18251937700227260,pt,sempre é un gustazo escoitar a tua voz taan fermosa!!!!!
18122554972334524,gl,moita sorte!!!! o ides petar! 
18082526083380604,pt,a dalo todo!
18051663112555212,pt,claro! thanks!
17996332802269448,gl,pero qué lástima que chego mañá... cómo non me avisas! canto me prestou vernos a última vez e debe facer xa  ou  anos...
18011811959472566,pt,"esperamosvos en ourense, fomos boas e os reis trouxeronnos duas entradiñas.. "
18017816435044372,pt,e o disco cando a venda?
18063532729492824,pt,"alicante, alicante "
17858744316066692,gl,febreiro!
17935409540700056,pt,grande ......
18013239478944248,pt,que ben cantas
18002592764112808,gl,vémonos o / en compostela!  
17978231402633450,pt,ainda falta ben
18261829885207232,pt,"marabilla coma sempre, mestre!"
17866559853024920,gl,maravilla coma sempre... vemonos en ourense
17984671454355640,pt,precioso alalá 
17915092427847666,pt,preciosa! e as imaxes son na entrada do meu instituto! 
18113954203353352,pt,
18250311847236376,pt,
18032026852659556,pt,parabens maestro . cousa guapa onde a axa. preciosa peza
18017938100004520,gl,que ghrande teresa! . fermosisimos os arranxos do fantástico pedro pascual 
17916532445850508,gl,deseando escoitala 
18293465191157540,pt,que marabilla!!
18025099762745036,gl,"emocíona meu a teresa, gran artista, gran muller. como che dí ela ghavieriño etes estupendo e canta vida lle das a esta xente que son unha gran memoria da nosa cultura. "
18407708818032380,pt,"""a que peza, javieriño? non me veñas..."" "
17995753832249064,pt,que marabilla....
17868070110059616,gl,excelente e exquisita gravación!! teresa é unha lenda viva
17877606410964212,pt,maxico como sempre 
18008431250040908,pt,incrible!  con moitas ganas do novo disco!!!!
18063769171487712,gl,marabilla  que preciosidad!!!!
18001562798152164,pt,madre mía pode ser mais fermosas 
17962894442694760,gl,unha honra!!  ♡♡♡♡
18220496275267000,pt,“este tamén che non é bo de cantar”... como presta escoitala a cantar e a falar! 
18083036023419676,pt,moitos parabéns!
17989050974549494,pt,bonitísimo é pouco decir
18046981174589876,pt,obrigada por esta joia! quanta sensibilidade e beleça!
17896411616933228,pt,que cousa bonita! e que título precioso. 
18007147439182860,gl,"certamente a tús música está moi preto dos corazóns da nosa familia. ...adufeiras de salitre foi a última canción que lle regalei polo cumpleanos a miña tía enferma de alzheimer moi moi avanzado, pero estou segura de que te escoitou. alalá n° foi a canción que elexín para a súa ceremonia de despedida...e eres o cantante favorito do mundo de miiña madriña que atesoura os teus cds. está moi ben ós seus  anos e non se perdiu de ir a verte ó concerto de carballo. sodes luz."
18027050599852672,pt,q bonito! e o video emociona 
18388512583066464,gl,guau! bravo xabier! canción e vídeo preciosos! 
17982303230390188,gl,"que imáxenes por faval, que ganas de que saia ""axudame a sentir"" "
18073775194435112,gl,aplausazo tamén para alfonso merino
18302321881132880,gl,"q cousa tan tan bonita!!! noraboa xabier e grazas, grazas por estes agasallos!!! "
18074560777395688,pt,cousa ben bonita!!! noraboa!!
18325597309129192,pt,que emocionante 
18028677220770500,gl,unha aperta sempre admirada mestre!
18088208713402320,pt,precioso
18021763168760224,gl,que potenzia!! toda a forza telúrica dun povo en  minutos 
17947850108743350,pt,encántame!! parabéns e 
18008149343168164,gl,e que pasou con lugo 
18015864778802880,pt,saiu o sol si! é como di a lenda!!! 
18020604652893144,pt,maravilha! estive em santiago de compostela.
18020895925895144,gl,xa teño as de narón e boiro!!!!!! 
18002487053493962,pt,"ah, grande xabier! que alegria! até sai o  abençoado"
18012356138076778,gl,"aiii , ganiñas de ter xa ese disco!!"
17997224972154672,pt,que viva! 
18221117089254984,pt,tes que vir ao 
18128362042320484,pt,que lindo 
17899874150911380,pt, desexando xa o novo disco!!!!
18398288578023308,gl,"candín, ancares bercianos!!! "
18028116034641928,pt,", desexando xa o novo disco"
18018769858917112,gl,encántame!!!
17942359790751242,gl,"que ganas de oilo,sona moi ben!!"
17842388802117464,pt,gostamos e muito! 
18296961190120064,pt,pura beleza!!
18112440913340840,pt,"moitísimas grazas xabi. grazas por deixarnos vivir un momentazo do concerto con vós enriba do esceario. para nós foi un auténtico pracer, de verdade."
17866340862029912,gl, que bonito!! grazas!
18019203013802840,pt,que bonito!
18014594252065888,gl,grazas a vós  sumámonos á resaca emocional 
18025508896875528,gl,a miña paula! q ben o pasamos!
18303882556193296,gl,"ai, que ganiñas "
18035072857654060,gl,moitas ganas de escoitar o disco xabier
18047666068538556,pt,unha volta polo medio con chaleque e con calzonhe... xa estou en modo catedrais silenciadas 
18382951003064856,pt,disco novo! 
18243572572169136,pt,que simpático eres!! suerte
17972519459484888,gl,"veña, vai… cambiamos compos por boiro no ! "
18024848479692880,gl,"oooo, o da capitol xa era unha tradicion. vemonos en boiro!!!"
17957762741689600,pt,que haxa sorte co novo disco
17988375296451312,pt,a ver si temos sorte e pasas por ourense
17979108857443608,gl,ganiñas xa
17869805441982504,pt,maravilloso.esperemos oilo e velo pronto .....xa na calle e rua .....grazas ...xabier e as albufeiras 
18011810858094178,gl,"seguro que si o gosamos, un plaser sempre oírte e escoitarte "
17892609065876820,pt,queremos concerto no pazo!!
18035620651625388,pt,lindo!! 
17851611042088770,pt,qué lindo!!!!
18006705353157268,gl,bonitiño a rabiar
18140650447306264,pt,
18006016469007476,pt,em novembro estarei em galicia.
18244113115170744,gl,que beeen!! vémonos aló
18119601862323064,gl,e en paris cando sera?
18002614559125368,pt,foi pra axenda
17847749709090908,gl, que bonito soa
18011323901088756,gl,que ganiñas de escoitalo!! 
18084300574386080,gl,molas moito xavier!
18390844984055016,pt,non nos da chegado a hora
17896974980825118,pt,cal vosso calendário de  a /. estarei em galicia e quero assistir.
17992531679345468,pt,nao ha datas nessa altura 
18029083375637004,pt,"resta-me saber as tanxugueiras, a banda da loba, as filhas de cassandra ou guadi galego... hahahah"
18023300668737232,gl,xa me tarda!!
18036704191564388,gl,"cando vamos a clase por primeira vez vamos coa idea de que vai estar chupado, faciliiiiisimo.....e te das conta que non e así. pero engancha, pasan os anos e cada vez che gusta mais "
18195921472287000,pt,que ben !
18159044572293000,gl,"encantame a hora do ensaio d pandereta, e si, pensei era moi sinxelo, pero no....ca práctica a todo se vai afacendo unha"
18013192999758338,pt,"eu quero iiirrrr, pero estou lonxe "
17867298191961576,pt,ánimo!
17859180282029786,gl,grazas
18019759600800360,pt,como sona iso 
18282903868149888,pt,o pandeiro de peñaparda. o seu son sempre tan ancestral!!
17910245432823988,gl,que bueno eres!!! que viva galicia siempre ! 
17867818676995388,gl,"como a leva ese baixo… amei! flúe éxitos polo mundo adiante… e tira pra casa axiña, que hai que meter ese disco no forno… "
17890688588912366,gl,moito éxito!!
17856773421029388,pt,até já! 
18061347046445948,pt,"bem lindo,"
18019685494817088,pt,a rúa de san pedro está bonita no outono e sempre! 
18000116768153132,gl,"amei a súa versión, porque cando hai amor e respecto… vivan os covers ben feitos! "
17897504423884128,pt,"carai, dás a volta ao mundo de mãos dos músicos de rua"
18110173669327304,gl,das rúas máis bonitas do país!
18064376251447412,gl,este rapas é unha marabilla 
18014571718746992,pt,é precioso 
17930885756666676,pt,precioso 
18014857801820580,pt,que saudades!
18035431432574072,gl,o rapaz ten maxia...
18028553629655960,gl,o gran pracer foi poder disfrutar da tua maxistral actuación. boa viaxe e fondas apertas
18007097611917084,pt,eu quero ir 
18055207684525324,gl,ummm ... que tentassión para achegarse a compostela 
18296185963083164,pt,xiscoo abril! non corras tanto o tempo que logo pasa èl 
18015227201051648,pt,oh! esas mozas lindas... 
18318853267190184,gl,mira que catro!!!
18011327836812952,pt,"da gusto ver o baile, os bailadores, as xentes, o noso"
17984996537411972,gl,"xabier, coñeces a máis xente da que pensas nese video!"
18055020322486936,pt,precioso!
17867767620010598,pt,"cóidate! estamos com muita vontade de te recever, quando poidas!!! abraço enorme"
18281198284083940,pt,cuidarse!!! con saude todo se pode facer!!!
17967926105666360,pt,"às melloras, neno!! o primeiro é o primeiro.. e feliz aninovo!!"
17996488229015736,pt,que maravilha!!
18041793238521980,pt,lá estarei
18205345093265600,pt,un abraço mestre!!
18381172057052572,gl,pois desexando ir!
17991486545290684,pt,case chego
17973395318643736,pt,por deus non me aclaro en vigo e as  ou ?
17994063377208012,pt,"sim, musica espanhola sobretudo "
18025668601654692,pt,foi maravilhoso! muito obrigado! 
18009197227947198,pt,foi marabilloso e moitísimos galegos no público que o saibas! 
17998540895128512,pt,obrigado xabier. as portas do centro galego de lisboa estão sempre abertas para ti 
17995602980476356,pt,"foi muito, muito bonito! obrigada!"
18022126855738968,pt,obrigado 
17991444287470288,gl,obrigado mestre  unha aperta para ti e para as 
18000975221311174,gl,sempre orgulloso de pisar as mesmas táboas con voçé e esa equipa brutal!
18025578775647588,pt,"mas volta num dia em que eu possa ir a lisboa, sim?!  bicos mil e boas músicas!"
18017688841858872,gl,vaia que pena!!! tiña ganas! coidarse moito 
17868840533997464,pt,mellórate !!! en outras te veremos!
17883342089935628,gl,a recuperarse
17928261407807210,pt,cóidate
18209703409263572,pt,moito exito meu ! bicos
18070605028413352,gl,"estamos desexando que chegue o venres, vaise montar unha boa foliada "
17979923825445756,gl,non nos dá chegado o venres!! vaise liar unha boa!
18141333028306840,gl,alí estaremos!! moitas ganas de compartir este momento todos xuntos! 
18029543557797668,pt,felices festas
18017385376862860,gl,para o día  fan falta entradas ou é de balde??? de unha ou doutra alí te verá !!! 
17996297954156868,pt,
17893379417917144,pt,
17932051445773508,gl,estivo nas crechas coa banda nunha foliada. foi espectacular cando cantou con manuele pardo.
18012668741010316,pt,lindíssimo 
17980778411419852,gl," estamos igualiños, non choveu nada!!"
18040826341596736,pt,soberbia… purita sobervia… 
18131432059312128,pt,foi pra axenda de mmusicaengalego
17893536551878992,pt,hermosa bailadora!
17998291501981762,pt,ongi etorri gasteizera! espero dut dana ongi izango dela!  bemvido a vitoria. desexo-vos moito exito nas terras vascas que sen duvida asi sera !
18031081606587528,gl,seguro que será unha xornada incrible. 
17938806635622616,pt,"é bestial, menuda técnica que tes. "
18106513012336048,pt,
18018506557703136,pt,
18037695289526552,pt, vemonos na argentina
18000867250934472,gl,que lindo galego...
18013522903720698,pt,mil grazas a todas as persoas que conservaron o noso coma un tesouro e o compartiron con nós
18026676928620800,gl,magia + lumee = folclore galego e que viva 
18385239445016812,pt,non hai outra coma ela
18017597095633228,pt,esta muller é única
17973259439577648,gl,"coñecín a teresa fai uns anos na casa da muller aquí no couto, pois eu son cesteira e imparto cursos ahi, eu son da aldea do lado de lestemoño, coincidi con ela é téñolle gran cariñoe"
18003562537968854,gl,encántame oila cantar e a tí tamén e verte tocar a pandereta quedo aloulada. espero poder falar contigo cando vol vas
17896189247920016,gl,xisco eres a mellor persoa que hai
18380454472070824,pt, grande!!
18021853042851692,pt,bo proveito!!
18003460595494304,pt,felicidades 
17985383822535432,gl,"sendo un acto tan integrador, deséxoche un gran concerto. gústame moito o empático que eres."
18321201124129128,pt,hai que estar e loitar!!! sempre!!!
17990255693296004,pt,guapooo
18003256199217216,gl,"tes razón, eu loito todolos días polo meu alumnado, que por desgracia, son todos nenos con unha carga moi pesada ás costas. bico."
17852882886071564,gl,"aiiii, na miña terriña! "
18213640630282824,gl,canto me alegro de todo ese camiño que estás andar so pido que sea longo de mais un aperta grande meu neno.
18296311897183756,pt,"moitas grazas pola colabaracion, para nos foi un verdadeiro luxo verte en cospeito, e que gusto traballar con xente que pon as cousas faciles"
17850263685083952,gl,chisco!! con ese fondo moito mellormoita felicidades para os dous
17926239215719828,pt,parabéns ghuapo
18030588280686996,pt,parabéns!!!!!!!!!
18247516936231140,pt,que bonito eres
18019434205792744,gl,un aturuxo d admiración vos envío
18084953386379232,pt,parabéns!!!
17977808789586770,pt,un caso ou un suseso?
18197891800263876,pt,parabéns!!!!
17985798782196748,pt,parabéns! tas bárbaro 
18016732135840912,gl,bonitiño!!!
18022520758706224,pt,felicidades 
18056982706461272,pt,muito lindo 
17858766204024664,gl,que elejansia la de fransia… pero non casas comigo!!! 
18021008572698584,pt,"a metade da vida,por diante parabéns por todo "
18017487622714296,gl,"e que vivan!! e a por os , así de ghuapo …. bo casi…parabens!!"
17985921188203570,gl,estás totali!!
17922373427790836,pt,otia! hulito ighlesias!!
18392895535031684,pt,felicidades! que vivan!
18002330285035256,pt,parabéns mozo
17957762138528128,pt,parabéns 
17975536001362476,gl,graciñaaaas!!! 
18112584943333960,gl,graciñas!!!
17847549381055116,gl,moitísimas grazas!!!
17974296968386912,gl,grazas miña ruliñaaaa!!! lof yu!!!
18018454012793492,gl,"toleaches pola peneira, toleaches por peneirar..."
17998130603320716,gl,que sexas moi feliz!
17974024934557944,gl,"q vivan os ,e boa sorte cando cases,,,avisa para completarche o 'ajuar' waahhhghjjj!!! "
18020823625874272,pt,imos!!!! 
17990330963215952,gl,grazas
18007122358952796,gl,foron pra axenda de musicaengalego
18002608607123876,pt,guapos 
18290617414176808,pt,xan e perexán! sempre é bo vernos meu querido amigo! 
18075899413411360,pt,sempre mai diar!! 
18000111947181648,gl,cando nace un pato nace unha pata! jajaj os mellores do mundo 
18050446834501648,gl,díxolle a tixola ao cazo!
18002689532494940,pt,j a s u c r i s t o show garantizado! 
18065209120411260,pt,"chachi, que divertidas"
18016566553917384,pt,podiamos ser tres contigoooo!!! 
18008969417039316,pt,"por favor, onde asinamos? jajajaja"
18203526115277664,pt,asinamos!!! 
18286061884123244,pt,"para nós foi un inmenso pracer, poder formar parte deste tremendo concerto  moitas gracias a ti e a todo o equipo!!"
17971441100418180,gl,moitas grazas por facelo tan bonito 
17952546698582064,pt,os mellores!
17999380606976472,gl,disfrutadeo moito
17878772282949968,gl,jrasiñas!!!
18090276664370800,pt,xa vai no lombo. foi marabilla!! grazaaaas!!!
17994748655053572,pt,estilaso sempre 
18071380216413172,pt,que non falteeee!
18021644968730244,pt,ssiii terra de cantares..
18024348952720816,gl,"todo dulzura, moi fan!!"
17901091649783716,pt,foi moi emocionante 
18000249974029724,gl,o meu .gracias a todos!e a ti xabier pola túa xenerosidade
18017356087686692,pt,saudades amigo
17964864062496304,gl,bo viaxe!!!!
17934679931740776,pt,saudades tambem amiga!!! 
17954617382668220,gl,graciñaaas!!! 
17912431106745830,pt,e adevertirse!!! 
18006601505028884,pt,gaiteirazo!!
17968584389634872,gl,que bonito me eres rei!!! 
17988639695209256,gl,eu máis meu lindo!!! 
18009951871856116,gl,graciñas rulaaa!!!
18241438201214676,pt,o que sexa há soar… dixo o gaiteiro ao tocar!!!! 
18010284136983832,gl,"eres único...levas a música mui dentro,e unha ledicia escoitarte!!!"
18303085051192344,pt,que bonito eres! bicazos mestreeee 
17985170366374564,pt,que maravilla!!
17970938948477000,pt,ghuapaso!
18305306218136384,pt,bonito lugar pa facer música 
18309140155137416,gl,"non se pode ser máis máquina, xisco!"
17906924096914036,gl,admiro muito tuas composicións.
18298426318149648,pt,un artista.. é punto
17991956327321624,gl,pois gústacheme ben 
18320955040143356,gl,q ganas de ter xa ese disco!!!!
18041308054731916,pt,ta bacano
17869032252077422,gl,un pouco de gipseo
18390741340061752,pt,moitas grazas aos tres por unirvos a esta conversa e falar da importancia da saúde mental e de coidar a nosa mente 
18045833977519596,gl,"graciñas por tanto, a saùde mental e mais que importante."
18020552908789272,gl,eu son unha das q a padecen… grazas pola visibilidade!! 
17997057065499090,pt,pouco se fala...feito!
17942400440718030,gl,"grazas a vos por esa laboura tan necesaria como impagable. as que tivemos sufrido ou porén sufrimos algunha das tantísimas patoloxías mentais sentímonos, se cadra, un anaquiño máis apoiadas e esperanzadas! "
17977941209648818,gl,graciñas!! 
18047118361594336,gl,"moitas grazas guille, e grazas por estar sempre "
17908072067911918,pt,jajaja saín a meu pai neso 
17954601299725464,gl,"eres a máis mellor sabii!! a min tamén encantame a bricolaxe!! unha aperta amiga, alegrome verte tan ben "
18114548965353392,gl, e tamén somos do celta 
17962452233704780,pt,sempre celtaaa sabii!! 
18028018489861864,gl,sabelaaa acordaste de min?? son a nena que viuvos en tenerife que era galega e chorou un montonson euuuu sabeee querote moito
18009426608034956,gl,vales para todo sabe! eres unha xoia cantas bailas compoñes e hasta fas bricolaxe!! 
18142210036309752,gl,as que tiñan que estar  os queremos
17998819307387430,pt,e nós 
17911441529806558,gl,jajaja graciñas 
18420470431023500,gl,pero q neniña mais guapaa ereess
17899557638947576,gl,que fotos máis preciosas !!!!!! a min tamén me encanta a bricolaxe!!!!! pintar e un pouco mais jajajaja
17902817852937476,gl,"xa sei a quen teño que chamar cando queira pintar a baranda da terraza,vexovos moi profesionales.un saludo"
18016577744293596,pt,sabe a foto  e na  matasme da risa e na  e na  de amorr
17949021065757438,pt, pouco a pouco jaja
18024706375779228,pt,teus gatos são iguais ao meu 
18022712875656644,gl,grazas a ti polo que nos transmites  
18004542316887988,gl,"emocionante. coñecemos a anxelo e a amadeo e as persoas que mencionaches de cabaleiros. somos dunha familia moi, moi de cantar, bailar....mágoa que faleceron porque se foron facendo maiores. quédamosnos con tantas romarías, ruadas....que vivimos con eles.bicos as estreliñas"
18302798056137044,gl,"moitas gracias por traernos a túa música ao noso pequeno concello, esa noite quedará gravada na memoria de todos. e cando queirades volver... aquí tedes a vosa casa!"
18177496045305120,pt,
18312778303097600,gl,grazas a vos por tanto cariño!!! 
18011484724888552,pt,sen dúbida! 
17918807048792308,gl,"guapa, guapa y guapa! "
18016646119786900,pt,por fora e por dentro! 
18011388829755192,pt,precioso meu 
17958818102513068,pt,como mola
18024272020678280,gl,"pardiñas, dasme a vida!!!"
18195851689276216,gl,"e perdooche o mal que me fas, polo ben que me sabes!!! "
18024866686640916,gl,jrasiñas de 
17998850116977808,gl,e os que virán!!!
17870911922936954,pt,non se pode ser mais ghuapo 
18390669277051056,gl,o ano pasado no rúa 
17974953365369338,pt,aló mesmo!!! 
18030932284691060,gl,brava! qué xoguetes tan guapos!
18112998277344544,pt, longa vida a música galega e a grandes artistas coma vós
18007854065510172,pt,q sigan tocando esas ferreñas durante todo o !!. feliz ano!!
18037880668558984,pt,reflexos espectrales de voçé minha dona!!! 
17959766603644316,gl,graciñas!!! 
18005532982971400,gl,graciñas de 
17983498244422292,gl, que grande!
17957754989651844,pt,morto ou vivo??? 
17958977402645560,pt,lindo!!! 
17846041854099980,gl,pásate ao método curly
18421227451005444,pt,força ! 
18021385010088104,gl,que pasada
17916136973894926,pt, encantame 
17993044889610128,pt,que fermosura!!!
18024524095953688,pt, 
18022879805068104,pt,
17853192507141480,gl,os peliños de galiña  marabilla
18015705581325712,gl,aquí un breogán vigués 
18028202512781296,gl,sodes mulleres lotadoiras! grandes!
18002935760199964,gl,averno gustame moito  un saudo
18069556552461448,gl,"grazas por facerme tan feliz sempre,eres a mellor "
17868664131059820,gl,que bonito veros tan feliz !!!! sois preciosísimass 
18132070306318932,pt, mais bonitas!! a sexta foto e ... 
18011905223165220,pt,que preciosas sois 
18041331775627580,pt,"que bonitass  fermoso vervos felices, que o merecedes "
18328195696106216,gl,qué riquiñas 
18034530067693636,gl,eres a persona mais bonita por dentro e por fora que coñezo.queremosvossss
18021025294978200,gl,os adoro irmás maneiro 
18244978156210132,gl,morremos de ganas de que chegue o día e o mesmo tempo con peniña de que se acabe está xira que tantos momentos bonitos nos deu 
18036529249719788,gl,moitas felicidades  mereces cerrar o ano así de grande 
17873315286008580,pt,que ganiñas! non podo celebrar o meu aniversario de mellor forma!! 
18002999171490742,pt,onde foi
18034312210633544,gl,"xa me tarda o , personalmente coñezo a sabela e olaia,de velas e falar con elas no partido do praiña,e debo decir que, aparte do espectáculo que se montan nos directos, son as rapazas mais sencillas que vos poidades imaginar, son especiales,eu flipei con elas,e ca sua familia, con xente así da gusto estar, vemonos en coruña porque sodes as mellores tanxuuuuu "
18029030107739320,pt,eso sempre as me llores!! 
18003545555490016,gl,"deseando que chegue o día , "
17964922874671976,pt,rezando para que as convidadas sexan fillas 
17965004264661724,gl,"sodes moi grandes rapazas, canto me alegro por vos"
18075526558425992,gl,"e tamén boa xente, que inda é mais valioso "
18218052751267236,pt,vamos! que ganas !! 
18109347481348872,gl,vendo unha entrada en pista a prezo de compra!
18026882659826580,pt,"por favor, tanxunguiras, mirade para o lugar onde estaremos as persoas con problemas de movilidade porfa, porque sempre estamos afastadxs do resto e vivimos os concertos, como"
17992812272219244,gl,"sintoo, mandei o anterior mensaxe sen terminalo . o que quería dicir é que estamos ""como nun seghundo plano"" e non podemos cheghar a vivir os concertos (e demais actos culturais) dende lonxe. e é triste e frustrante. e coma sei que vos sodes persoas con empatía e tamén, sodes capaces de ""sufrir"" o noso sufrimiento, só quería pediros que tiveses un pequeno acto de solidaridade con nos e que ""levantedes as vosas cabezas"" nalgunha canción."
18005525726509988,gl,"p.d. coñecemos na inauguración da asociación emmo en bueu, e despois volvimos a encontrarnos no voso paseo con rozalen por bueu. miles de bicos e ghrasias pola vosa música "
18033419128668412,pt,"sodes,seredes e sempre ,as mozas fermosas,da galiza enteira !! "
18031236427685772,pt,enchimos o coliseum!! 
17961791834688644,gl,sin lugar a dudas !! 
18048676588542964,gl,bonitas que sodes!!!
18025219957970096,pt,pasan os anos e seguides elixindo coma dios!
18023290759874116,pt,eu sempre os seguiré aunque pasen os anos os elixos a vosotras  lindas e bicos para las tres 
18423322705037068,pt,bonicas 
17914235411903260,pt,e oxalá vos elixades sempre! 
18245388613220016,gl,"sodes enormes e ademáis do bonita que é a música que facedes, o máis bonito de todo é o compañerismo e a humildad e que desprendedes, compis. "
18100650145383420,pt,podeis ser mas bonitas por favor. me encanta veros sonreir no cambies por que sois puro amor. querovos moito 
18019522052108880,pt,non pode ser mais bonito todo o que creastes coa vosa conexión!!! 
18089855137411232,pt,e ogallá nunca deixedes de facelo 
17927917514833798,gl,molaba que levarás unha camisola de que son un referente no hockey femenino galego!!! unha aperta grande!!! 
18382591456019904,pt,boa terra!!
17984088824374852,gl,miralos que larpeiros 
17862243102087120,gl,non é fácil que vos quede a roupa tan ben coma a nós… pero podedes probar. 
18321706774184672,pt,"está a cousa complicada, si…pero haberá que probar!!"
17881126676931464,gl,dios mío.... que orghullo por favor! valladolid rendida os vosos pes! sodes... bueno xa non hai adxetivos para describirvos.. sodes unha fora de serie.. como vos podo querer tanto...
17981462609240726,gl,p.d eu xa sabia que en nada iades facer sold out! estaba claro.. sodes ás mellores 
18230812465211532,pt,"sempre ao voso lado, fixestes maxia en castela "
17950964870664128,pt, impresionante chicas
18092916538361368,gl,"grazas pola noite de onte, quérovos con todo o meu corazón "
18022754305643256,gl,vémonos nese fin de xira na coruña!!!
18106437547330000,pt,anque de min dighan dighan eu non digho de ninguen 
17948594756567892,gl,flipante ver cómo a praza maior de valladolid estaba chea de xente cantando e bailando ao son da vosa música!!! sodes maxia !!!
17977633415307984,gl,sodes únicas 
17912031548885838,pt,mereceu a pena i promise
17851262502119904,pt,como pode ser??? bomba 
18070073245461732,gl,pero máis do que recordas jaja 
17878058769015436,gl,neno temos que quedar pá coreografiar ti máis eu a canción jajajajjaa un coxeando de cada lado 
18007701590198006,pt,verdá? é que  jajajajajaj
17977147055642304,gl,igualiña ca nos directos
18025359526898700,pt,por que non se me avisou disto para o videoclip? pregunto?? jajaj
18048386479586868,pt,é que 
18035837317688328,gl,"non llo teñas en conta, que co enganche que leva cos fármacos olvídanselle as cousas"
18298763839195608,gl,excuséote pero só porque eres ti 
17984546942450150,pt,foi falar 
17928094904734830,gl,jajaja pobriño ho
18029392069878440,pt,ganazaaaas  pd. que guapa estás again
17924328380754974,pt,foi falar de guapa 
17910820175920420,pt,"boas tardes, ortiga"
18035573914771716,pt,non podo deixar de mirar o alambique 
17943045278676212,gl,pois si que quedaron ben bonitiñas!tamén normal…tiñan que ir acorde a ese pedazo de disco!!  aperta grande xabier ! 
18025252081942812,pt,outra!!
17990204885559088,gl,aquí xabier díaz xerándome novas necesidades
17914687961870900,gl,son unha chulada
17937071129798914,pt,preciosas
18022545233071768,gl,escoitareino con e familia.
17981041760357236,gl,"grazas a vós por deixarnos estar, quérovos con todo o meu corazón! "
18007665004906056,gl,sodes o put@€ mais!!!!. pero sígueme a faltar unha actuación bosa nos gramis 
18011115317054362,gl,"vos merecedes todo o que tedes e máis, que ganas de vos ver en directo na coruña o mes que ven "
18032354965638816,gl,alegrome moito por todo o que estades colleitando
18003268784184260,pt,grazas a vos! por ser tan bonitas e por levarnos sempre con vos queremosvos!!!
18258832504206368,gl,"as que facedes incrible ese camiño con talento, traballo e paixón sodes vós, ""as que tiñan que estar"" todos os demáis disfrutamos seguíndovos nel, compartindo concertos e momentos...así que as grazas son sempre para vós, sodes as xefas!!!"
18296331022176860,pt,a matriarca da galiza 
17962730390654990,gl,"erecédelo por honestidade, autenticidade e traballo. representádesme en moitos sentidos, pero emocionádesme por riba de todo. e, áindá por riba, qté sodes boa xente."
18283915450156496,pt,que bonito conocerte!!!
18015325477938080,gl,bonitiñaaa
17863706916041900,gl,e nos a tí!!!
18024793483774464,gl,grazas bonita!!!!
18039624085580044,gl,e eu podo ter máis ganas de verte??
17979885830384688,pt,e nós a tí!!
18020586514737776,pt,y aqui el dia de spice girls
18051212554518304,pt,fantástico! 
17996622854315896,gl,littt jajajajaj nun mes xa nos estamos vendo no seguinte sos
18001411460082288,pt,momentos bonitos q non saíron no videoclip 
18005532203387412,gl,que ganaaaaaas 
18047560774712796,pt,carballeira?
17994387878377484,gl,pra o atlantic cando saen?? desexandoo 
17992865072397408,gl,"por sorte puiden asistir a dous concertos e as entradas do afluente xa as teño de fai tempo, pero espero poder ir algún máis, encántame túa música, grande"
18009622277130568,pt,quizas???
17934004721656802,pt,dalle lume hostia arde o eixo carballira 
18059849980494836,pt,para o  mais e mellor  ! grandes 
18025761079852520,pt,saúde e saúdos car@s para este aninovo q comeza 
17999765267370984,pt,"que boas, foi un ghusto escoitarvos, coma sempre! "
17916941129845242,gl,concertazo para rematar o ano! moitas grazas por esa noite tan especial....e por subir a uxía ao escenario
18005480960172424,gl,na nosa casa xa virou unha chea de veces  e tan bonitoooooo
18008078105358820,gl,un verdadeiro pracer ter sido testigos das melodías furtivas coas que nos agasallaches  axúdameasentir
17992993088348020,gl,pel de galiña
17922355787778992,pt,"que bonito cantas ,rapas ! "
18014746394283128,gl,non nola queríamos xogar 
18030652828718688,gl,que gañas de escoitalo enteiro 
17996876321443362,gl,jajaja dime algo que escoitaras máis veces 
17844787365142788,gl,e unha reaccionão tamén eh jajaja
17912642678892764,pt,vou por onde non me vedes jaja 
18117583204342544,pt,que boa camii
18079262695395676,gl,"aaaahhhh, por fiiiiinnnn!! "
17842033953167820,gl,tábamos entre a do coruxo e a vosa!
18078366508436720,pt,iba sendo hora!
18333460561107580,pt,homeno 
17998094918396228,gl,homeno a miña favvv 
18053597752546444,gl,que te dea que te dea 
17893947770796734,pt,como te quero
17954693270651494,gl,e euu!! grazass por todoo
18086259193343600,gl," que fermosa eres, que corazón tés  que precioso regalo para esas increíbles mulleres que te rodean e as que eu tamén quero e admiro "
17860638971995100,gl,quéroteeee
18382377694019828,pt,que lindaa
18026159035623132,gl,que riquiña 
18384854395017528,pt,querote
17971752056532152,gl,que sorte teño! 
18030823102837040,gl,ojalá a presentarades hoxe nas festas de sar pero weno habera q esperar ó apostol
18124928662326936,pt,os mais guapos do panorama 
17989800371542216,pt,e duro 
18055117849541928,gl,grazas 
18301667335196064,gl,enormeees pásasnolo por md?? 
18212213470258588,pt,"artista e pouco,mestre todo "
18274068607088536,pt,eres o mais mellor e punto
17903987426873508,gl,que ganas de escoitalo!
17980633967551858,pt,quantos instrumentos! que sonho! 
18248450953232032,pt,"ah, como queria estar em galicia neste fim de ano. são tantos concertos... a banda da loba, as tanxugueiras, lontreira e xabier diaz! tudo de bom. estive em galicia de  a  de novembro e amei conhecer o vosso país."
17874055725012986,gl,que ganas de que chegue mañá!!!!
18207948415287828,gl,xa as teño!!! para o concerto en vigo. xa me tarda!!!!!
18005318582240124,gl,vesiña! felis anonovo!
18409515709021696,pt,a donosti no vienes?
17994479138271720,pt,venham novamente a portugal!! 
18210512188272220,gl,"aí estiven, xusto despois de saír da clase de pandeireta. todo un luxo escoitarte!"
18084782590401804,pt,e eu a ti moura antiga de facer nen feliz
18047850343543672,pt,toda a felicidade do mundo para os dous
18273347554090888,gl,grazas!!! feliz!!
18401059912001440,gl,prometemos poñer todo da nosa parte!!! 
17885174612965492,gl,"que sorpresa xisco, moitas felicidades, e que sexa eterno ise amor"
18019104967898784,gl,noraboa!!!a ser felices!!
18026650588812268,gl,graciñas!!!
17980010267417472,gl,graciñas!!!
18067221223459336,gl,graciñas 
17890205579889456,gl,vémonos polo piornedo !!
18051097654468832,gl,santiño!
17999840317932088,gl,un lugar precioso 
18033459259566436,pt,pero era de noghal o santo ou...
18010269019750706,gl,dos ollos grandes!!!
18236253403224272,gl,era era… a virxe de pau santo.
17930120825656300,pt,"eu ben sei o que digo.  cantar cantas como os anxos, pero santo non pareces. "
17959111295642384,gl,graciñas de !!!
18037556947497220,pt,a nós tameeeen!!! 
18003817718060724,gl,graciñaaas!!!
18004294667016620,pt,ooooh!!! grazas meu!!! 
17985988376321612,gl,estou facendo algo mal ou non é posible seleccionar asento para o concerto de lugo? graciñas de antemán.
18259729507200828,pt,ahi estaremos....
18028515451695136,gl, toda a miña admiración contigo amigo
18016022488955252,pt,este tema pa disco!!! os tres!!! 
17993965025520464,gl,que grandes 
18013308137050280,pt,verdade???
17995791848185776,pt,verdade verdadeira 
18009486778954104,gl,graciñas!!!
17999647613352216,pt, que preciosidade!!!
18014353583067896,pt,lindo
17900531486792072,gl,boa víaxe e saúde
18235934329214784,gl,e tí??? a máis millor!!! 
18062417251442336,pt,jop… lindo ti meu ben
17995545296326004,gl,graciñas!!! 
17982636287247268,gl,graciñaaaas!!! 
18004623509191580,pt,preciosos todos esos peixes!
18006383687319888,pt,que fermoso
17854558086054348,pt,cinto por n pode ir te visitar.
18010488629326620,pt,para outra ali estarei!!
17894538842956092,gl,grazas por xuntarnos e lembrarnos canto de vida vivida levamos!!
18277215997152796,pt,e non pode faltar “o peixe”! xa repetiremos!
18234514435214612,pt,buena gente!!
18196791961273088,gl,ayyy que bonito cantas
18225923245222200,pt,lindo 
